ID,SituacaoRua
0,Rua
1,Rua
2,Rua
3,Rua
4,Rua
5,Rua
6,Rua
7,Rua
8,Rua
9,Rua
10,Rua
11,Rua
12,Rua
13,Rua
14,Rua
15,Rua
16,Rua
17,Rua
18,Rua
19,Rua
20,Rua
21,Rua
22,Rua
23,Rua
24,Rua
25,Rua
26,Rua
27,Rua
28,Rua
29,Rua
30,Rua
31,Rua
32,Rua
33,Rua
34,Rua
35,Rua
36,Rua
37,Rua
38,Rua
39,Rua
40,Rua
41,Rua
42,Rua
43,Rua
44,Rua
45,Rua
46,Rua
47,Rua
48,Rua
49,Rua
50,Rua
51,Rua
52,Rua
53,Rua
54,Rua
55,Rua
56,Rua
57,Rua
58,Rua
59,Rua
60,Rua
61,Rua
62,Rua
63,Rua
64,Rua
65,Rua
66,Rua
67,Rua
68,Rua
69,Rua
70,Rua
71,Rua
72,Rua
73,Rua
74,Rua
75,Rua
76,Rua
77,Rua
78,Rua
79,Rua
80,Rua
81,Rua
82,Rua
83,Rua
84,Rua
85,Rua
86,Rua
87,Rua
88,Rua
89,Rua
90,Rua
91,Rua
92,Rua
93,Rua
94,Rua
95,Rua
96,Rua
97,Rua
98,Rua
99,Rua
100,Rua
101,Rua
102,Rua
103,Rua
104,Rua
105,Rua
106,Rua
107,Rua
108,Rua
109,Rua
110,Rua
111,Rua
112,Rua
113,Rua
114,Rua
115,Rua
116,Rua
117,Rua
118,Rua
119,Rua
120,Rua
121,Rua
122,Rua
123,Rua
124,Rua
125,Rua
126,Rua
127,Rua
128,Rua
129,Rua
130,Rua
131,Rua
132,Rua
133,Rua
134,Rua
135,Rua
136,Rua
137,Rua
138,Rua
139,Rua
140,Rua
141,Rua
142,Rua
143,Rua
144,Rua
145,Rua
146,Rua
147,Rua
148,Rua
149,Rua
150,Rua
151,Rua
152,Rua
153,Rua
154,Rua
155,Rua
156,Rua
157,Rua
158,Rua
159,Rua
160,Rua
161,Rua
162,Rua
163,Rua
164,Rua
165,Rua
166,Rua
167,Rua
168,Rua
169,Rua
170,Rua
171,Rua
172,Rua
173,Rua
174,Rua
175,Rua
176,Rua
177,Rua
178,Rua
179,Rua
180,Rua
181,Rua
182,Rua
183,Rua
184,Rua
185,Rua
186,Rua
187,Rua
188,Rua
189,Rua
190,Rua
191,Rua
192,Rua
193,Rua
194,Rua
195,Rua
196,Rua
197,Rua
198,Rua
199,Rua
200,Rua
201,Rua
202,Rua
203,Rua
204,Rua
205,Rua
206,Rua
207,Rua
208,Rua
209,Rua
210,Rua
211,Rua
212,Rua
213,Rua
214,Rua
215,Rua
216,Rua
217,Rua
218,Rua
219,Rua
220,Rua
221,Rua
222,Rua
223,Rua
224,Rua
225,Rua
226,Rua
227,Rua
228,Rua
229,Rua
230,Rua
231,Rua
232,Rua
233,Rua
234,Rua
235,Rua
236,Rua
237,Rua
238,Rua
239,Rua
240,Rua
241,Rua
242,Rua
243,Rua
244,Rua
245,Rua
246,Rua
247,Rua
248,Rua
249,Rua
250,Rua
251,Rua
252,Rua
253,Rua
254,Rua
255,Rua
256,Rua
257,Rua
258,Rua
259,Rua
260,Rua
261,Rua
262,Rua
263,Rua
264,Rua
265,Rua
266,Rua
267,Rua
268,Rua
269,Rua
270,Rua
271,Rua
272,Rua
273,Rua
274,Rua
275,Rua
276,Rua
277,Rua
278,Rua
279,Rua
280,Rua
281,Rua
282,Rua
283,Rua
284,Rua
285,Rua
286,Rua
287,Rua
288,Rua
289,Rua
290,Rua
291,Rua
292,Rua
293,Rua
294,Rua
295,Rua
296,Rua
297,Rua
298,Rua
299,Rua
300,Rua
301,Rua
302,Rua
303,Rua
304,Rua
305,Rua
306,Rua
307,Rua
308,Rua
309,Rua
310,Rua
311,Rua
312,Rua
313,Rua
314,Rua
315,Rua
316,Rua
317,Rua
318,Rua
319,Rua
320,Rua
321,Rua
322,Rua
323,Rua
324,Rua
325,Rua
326,Rua
327,Rua
328,Rua
329,Rua
330,Rua
331,Rua
332,Rua
333,Rua
334,Rua
335,Rua
336,Rua
337,Rua
338,Rua
339,Rua
340,Rua
341,Rua
342,Rua
343,Rua
344,Rua
345,Rua
346,Rua
347,Rua
348,Rua
349,Rua
350,Rua
351,Rua
352,Rua
353,Rua
354,Rua
355,Rua
356,Rua
357,Rua
358,Rua
359,Rua
360,Rua
361,Rua
362,Rua
363,Rua
364,Rua
365,Rua
366,Rua
367,Rua
368,Rua
369,Rua
370,Rua
371,Rua
372,Rua
373,Rua
374,Rua
375,Rua
376,Rua
377,Rua
378,Rua
379,Rua
380,Rua
381,Rua
382,Rua
383,Rua
384,Rua
385,Rua
386,Rua
387,Rua
388,Rua
389,Rua
390,Rua
391,Rua
392,Rua
393,Rua
394,Rua
395,Rua
396,Rua
397,Rua
398,Rua
399,Rua
400,Rua
401,Rua
402,Rua
403,Rua
404,Rua
405,Rua
406,Rua
407,Rua
408,Rua
409,Rua
410,Rua
411,Rua
412,Rua
413,Rua
414,Rua
415,Rua
416,Rua
417,Rua
418,Rua
419,Rua
420,Rua
421,Rua
422,Rua
423,Rua
424,Rua
425,Rua
426,Rua
427,Rua
428,Rua
429,Rua
430,Rua
431,Rua
432,Rua
433,Rua
434,Rua
435,Rua
436,Rua
437,Rua
438,Rua
439,Rua
440,Rua
441,Rua
442,Rua
443,Rua
444,Rua
445,Rua
446,Rua
447,Rua
448,Rua
449,Rua
450,Rua
451,Rua
452,Rua
453,Rua
454,Rua
455,Rua
456,Rua
457,Rua
458,Rua
459,Rua
460,Rua
461,Rua
462,Rua
463,Rua
464,Rua
465,Rua
466,Rua
467,Rua
468,Rua
469,Rua
470,Rua
471,Rua
472,Rua
473,Rua
474,Rua
475,Rua
476,Rua
477,Rua
478,Rua
479,Rua
480,Rua
481,Rua
482,Rua
483,Rua
484,Rua
485,Rua
486,Rua
487,Rua
488,Rua
489,Rua
490,Rua
491,Rua
492,Rua
493,Rua
494,Rua
495,Rua
496,Rua
497,Rua
498,Rua
499,Rua
500,Rua
501,Rua
502,Rua
503,Rua
504,Rua
505,Rua
506,Rua
507,Rua
508,Rua
509,Rua
510,Rua
511,Rua
512,Rua
513,Rua
514,Rua
515,Rua
516,Rua
517,Rua
518,Rua
519,Rua
520,Rua
521,Rua
522,Rua
523,Rua
524,Rua
525,Rua
526,Rua
527,Rua
528,Rua
529,Rua
530,Rua
531,Rua
532,Rua
533,Rua
534,Rua
535,Rua
536,Rua
537,Rua
538,Rua
539,Rua
540,Rua
541,Rua
542,Rua
543,Rua
544,Rua
545,Rua
546,Rua
547,Rua
548,Rua
549,Rua
550,Rua
551,Rua
552,Rua
553,Rua
554,Rua
555,Rua
556,Rua
557,Rua
558,Rua
559,Rua
560,Rua
561,Rua
562,Rua
563,Rua
564,Rua
565,Rua
566,Rua
567,Rua
568,Rua
569,Rua
570,Rua
571,Rua
572,Rua
573,Rua
574,Rua
575,Rua
576,Rua
577,Rua
578,Rua
579,Rua
580,Rua
581,Rua
582,Rua
583,Rua
584,Rua
585,Rua
586,Rua
587,Rua
588,Rua
589,Rua
590,Rua
591,Rua
592,Rua
593,Rua
594,Rua
595,Rua
596,Rua
597,Rua
598,Rua
599,Rua
600,Rua
601,Rua
602,Rua
603,Rua
604,Rua
605,Rua
606,Rua
607,Rua
608,Rua
609,Rua
610,Rua
611,Rua
612,Rua
613,Rua
614,Rua
615,Rua
616,Rua
617,Rua
618,Rua
619,Rua
620,Rua
621,Rua
622,Rua
623,Rua
624,Rua
625,Rua
626,Rua
627,Rua
628,Rua
629,Rua
630,Rua
631,Rua
632,Rua
633,Rua
634,Rua
635,Rua
636,Rua
637,Rua
638,Rua
639,Rua
640,Rua
641,Rua
642,Rua
643,Rua
644,Rua
645,Rua
646,Rua
647,Rua
648,Rua
649,Rua
650,Rua
651,Rua
652,Rua
653,Rua
654,Rua
655,Rua
656,Rua
657,Rua
658,Rua
659,Rua
660,Rua
661,Rua
662,Rua
663,Rua
664,Rua
665,Rua
666,Rua
667,Rua
668,Rua
669,Rua
670,Rua
671,Rua
672,Rua
673,Rua
674,Rua
675,Rua
676,Rua
677,Rua
678,Rua
679,Rua
680,Rua
681,Rua
682,Rua
683,Rua
684,Rua
685,Rua
686,Rua
687,Rua
688,Rua
689,Rua
690,Rua
691,Rua
692,Rua
693,Rua
694,Rua
695,Rua
696,Rua
697,Rua
698,Rua
699,Rua
700,Rua
701,Rua
702,Rua
703,Rua
704,Rua
705,Rua
706,Rua
707,Rua
708,Rua
709,Rua
710,Rua
711,Rua
712,Rua
713,Rua
714,Rua
715,Rua
716,Rua
717,Rua
718,Rua
719,Rua
720,Rua
721,Rua
722,Rua
723,Rua
724,Rua
725,Rua
726,Rua
727,Rua
728,Rua
729,Rua
730,Rua
731,Rua
732,Rua
733,Rua
734,Rua
735,Rua
736,Rua
737,Rua
738,Rua
739,Rua
740,Rua
741,Rua
742,Rua
743,Rua
744,Rua
745,Rua
746,Rua
747,Rua
748,Rua
749,Rua
750,Rua
751,Rua
752,Rua
753,Rua
754,Rua
755,Rua
756,Rua
757,Rua
758,Rua
759,Rua
760,Rua
761,Rua
762,Rua
763,Rua
764,Rua
765,Rua
766,Rua
767,Rua
768,Rua
769,Rua
770,Rua
771,Rua
772,Rua
773,Rua
774,Rua
775,Rua
776,Rua
777,Rua
778,Rua
779,Rua
780,Rua
781,Rua
782,Rua
783,Rua
784,Rua
785,Rua
786,Rua
787,Rua
788,Rua
789,Rua
790,Rua
791,Rua
792,Rua
793,Rua
794,Rua
795,Rua
796,Rua
797,Rua
798,Rua
799,Rua
800,Rua
801,Rua
802,Rua
803,Rua
804,Rua
805,Rua
806,Rua
807,Rua
808,Rua
809,Rua
810,Rua
811,Rua
812,Rua
813,Rua
814,Rua
815,Rua
816,Rua
817,Rua
818,Rua
819,Rua
820,Rua
821,Rua
822,Rua
823,Rua
824,Rua
825,Rua
826,Rua
827,Rua
828,Rua
829,Rua
830,Rua
831,Rua
832,Rua
833,Rua
834,Rua
835,Rua
836,Rua
837,Rua
838,Rua
839,Rua
840,Rua
841,Rua
842,Rua
843,Rua
844,Rua
845,Rua
846,Rua
847,Rua
848,Rua
849,Rua
850,Rua
851,Rua
852,Rua
853,Rua
854,Rua
855,Rua
856,Rua
857,Rua
858,Rua
859,Rua
860,Rua
861,Rua
862,Rua
863,Rua
864,Rua
865,Rua
866,Rua
867,Rua
868,Rua
869,Rua
870,Rua
871,Rua
872,Rua
873,Rua
874,Rua
875,Rua
876,Rua
877,Rua
878,Rua
879,Rua
880,Rua
881,Rua
882,Rua
883,Rua
884,Rua
885,Rua
886,Rua
887,Rua
888,Rua
889,Rua
890,Rua
891,Rua
892,Rua
893,Rua
894,Rua
895,Rua
896,Rua
897,Rua
898,Rua
899,Rua
900,Rua
901,Rua
902,Rua
903,Rua
904,Rua
905,Rua
906,Rua
907,Rua
908,Rua
909,Rua
910,Rua
911,Rua
912,Rua
913,Rua
914,Rua
915,Rua
916,Rua
917,Rua
918,Rua
919,Rua
920,Rua
921,Rua
922,Rua
923,Rua
924,Rua
925,Rua
926,Rua
927,Rua
928,Rua
929,Rua
930,Rua
931,Rua
932,Rua
933,Rua
934,Rua
935,Rua
936,Rua
937,Rua
938,Rua
939,Rua
940,Rua
941,Rua
942,Rua
943,Rua
944,Rua
945,Rua
946,Rua
947,Rua
948,Rua
949,Rua
950,Rua
951,Rua
952,Rua
953,Rua
954,Rua
955,Rua
956,Rua
957,Rua
958,Rua
959,Rua
960,Rua
961,Rua
962,Rua
963,Rua
964,Rua
965,Rua
966,Rua
967,Rua
968,Rua
969,Rua
970,Rua
971,Rua
972,Rua
973,Rua
974,Rua
975,Rua
976,Rua
977,Rua
978,Rua
979,Rua
980,Rua
981,Rua
982,Rua
983,Rua
984,Rua
985,Rua
986,Rua
987,Rua
988,Rua
989,Rua
990,Rua
991,Rua
992,Rua
993,Rua
994,Rua
995,Rua
996,Rua
997,Rua
998,Rua
999,Rua
1000,Rua
1001,Rua
1002,Rua
1003,Rua
1004,Rua
1005,Rua
1006,Rua
1007,Rua
1008,Rua
1009,Rua
1010,Rua
1011,Rua
1012,Rua
1013,Rua
1014,Rua
1015,Rua
1016,Rua
1017,Rua
1018,Rua
1019,Rua
1020,Rua
1021,Rua
1022,Rua
1023,Rua
1024,Rua
1025,Rua
1026,Rua
1027,Rua
1028,Rua
1029,Rua
1030,Rua
1031,Rua
1032,Rua
1033,Rua
1034,Rua
1035,Rua
1036,Rua
1037,Rua
1038,Rua
1039,Rua
1040,Rua
1041,Rua
1042,Rua
1043,Rua
1044,Rua
1045,Rua
1046,Rua
1047,Rua
1048,Rua
1049,Rua
1050,Rua
1051,Rua
1052,Rua
1053,Rua
1054,Rua
1055,Rua
1056,Rua
1057,Rua
1058,Rua
1059,Rua
1060,Rua
1061,Rua
1062,Rua
1063,Rua
1064,Rua
1065,Rua
1066,Rua
1067,Rua
1068,Rua
1069,Rua
1070,Rua
1071,Rua
1072,Rua
1073,Rua
1074,Rua
1075,Rua
1076,Rua
1077,Rua
1078,Rua
1079,Rua
1080,Rua
1081,Rua
1082,Rua
1083,Rua
1084,Rua
1085,Rua
1086,Rua
1087,Rua
1088,Rua
1089,Rua
1090,Rua
1091,Rua
1092,Rua
1093,Rua
1094,Rua
1095,Rua
1096,Rua
1097,Rua
1098,Rua
1099,Rua
1100,Rua
1101,Rua
1102,Rua
1103,Rua
1104,Rua
1105,Rua
1106,Rua
1107,Rua
1108,Rua
1109,Rua
1110,Rua
1111,Rua
1112,Rua
1113,Rua
1114,Rua
1115,Rua
1116,Rua
1117,Rua
1118,Rua
1119,Rua
1120,Rua
1121,Rua
1122,Rua
1123,Rua
1124,Rua
1125,Rua
1126,Rua
1127,Rua
1128,Rua
1129,Rua
1130,Rua
1131,Rua
1132,Rua
1133,Rua
1134,Rua
1135,Rua
1136,Rua
1137,Rua
1138,Rua
1139,Rua
1140,Rua
1141,Rua
1142,Rua
1143,Rua
1144,Rua
1145,Rua
1146,Rua
1147,Rua
1148,Rua
1149,Rua
1150,Rua
1151,Rua
1152,Rua
1153,Rua
1154,Rua
1155,Rua
1156,Rua
1157,Rua
1158,Rua
1159,Rua
1160,Rua
1161,Rua
1162,Rua
1163,Rua
1164,Rua
1165,Rua
1166,Rua
1167,Rua
1168,Rua
1169,Rua
1170,Rua
1171,Rua
1172,Rua
1173,Rua
1174,Rua
1175,Rua
1176,Rua
1177,Rua
1178,Rua
1179,Rua
1180,Rua
1181,Rua
1182,Rua
1183,Rua
1184,Rua
1185,Rua
1186,Rua
1187,Rua
1188,Rua
1189,Rua
1190,Rua
1191,Rua
1192,Rua
1193,Rua
1194,Rua
1195,Rua
1196,Rua
1197,Rua
1198,Rua
1199,Rua
1200,Rua
1201,Rua
1202,Rua
1203,Rua
1204,Rua
1205,Rua
1206,Rua
1207,Rua
1208,Rua
1209,Rua
1210,Rua
1211,Rua
1212,Rua
1213,Rua
1214,Rua
1215,Rua
1216,Rua
1217,Rua
1218,Rua
1219,Rua
1220,Rua
1221,Rua
1222,Rua
1223,Rua
1224,Rua
1225,Rua
1226,Rua
1227,Rua
1228,Rua
1229,Rua
1230,Rua
1231,Rua
1232,Rua
1233,Rua
1234,Rua
1235,Rua
1236,Rua
1237,Rua
1238,Rua
1239,Rua
1240,Rua
1241,Rua
1242,Rua
1243,Rua
1244,Rua
1245,Rua
1246,Rua
1247,Rua
1248,Rua
1249,Rua
1250,Rua
1251,Rua
1252,Rua
1253,Rua
1254,Rua
1255,Rua
1256,Rua
1257,Rua
1258,Rua
1259,Rua
1260,Rua
1261,Rua
1262,Rua
1263,Rua
1264,Rua
1265,Rua
1266,Rua
1267,Rua
1268,Rua
1269,Rua
1270,Rua
1271,Rua
1272,Rua
1273,Rua
1274,Rua
1275,Rua
1276,Rua
1277,Rua
1278,Rua
1279,Rua
1280,Rua
1281,Rua
1282,Rua
1283,Rua
1284,Rua
1285,Rua
1286,Rua
1287,Rua
1288,Rua
1289,Rua
1290,Rua
1291,Rua
1292,Rua
1293,Rua
1294,Rua
1295,Rua
1296,Rua
1297,Rua
1298,Rua
1299,Rua
1300,Rua
1301,Rua
1302,Rua
1303,Rua
1304,Rua
1305,Rua
1306,Rua
1307,Rua
1308,Rua
1309,Rua
1310,Rua
1311,Rua
1312,Rua
1313,Rua
1314,Rua
1315,Rua
1316,Rua
1317,Rua
1318,Rua
1319,Rua
1320,Rua
1321,Rua
1322,Rua
1323,Rua
1324,Rua
1325,Rua
1326,Rua
1327,Rua
1328,Rua
1329,Rua
1330,Rua
1331,Rua
1332,Rua
1333,Rua
1334,Rua
1335,Rua
1336,Rua
1337,Rua
1338,Rua
1339,Rua
1340,Rua
1341,Rua
1342,Rua
1343,Rua
1344,Rua
1345,Rua
1346,Rua
1347,Rua
1348,Rua
1349,Rua
1350,Rua
1351,Rua
1352,Rua
1353,Rua
1354,Rua
1355,Rua
1356,Rua
1357,Rua
1358,Rua
1359,Rua
1360,Rua
1361,Rua
1362,Rua
1363,Rua
1364,Rua
1365,Rua
1366,Rua
1367,Rua
1368,Rua
1369,Rua
1370,Rua
1371,Rua
1372,Rua
1373,Rua
1374,Rua
1375,Rua
1376,Rua
1377,Rua
1378,Rua
1379,Rua
1380,Rua
1381,Rua
1382,Rua
1383,Rua
1384,Rua
1385,Rua
1386,Rua
1387,Rua
1388,Rua
1389,Rua
1390,Rua
1391,Rua
1392,Rua
1393,Rua
1394,Rua
1395,Rua
1396,Rua
1397,Rua
1398,Rua
1399,Rua
1400,Rua
1401,Rua
1402,Rua
1403,Rua
1404,Rua
1405,Rua
1406,Rua
1407,Rua
1408,Rua
1409,Rua
1410,Rua
1411,Rua
1412,Rua
1413,Rua
1414,Rua
1415,Rua
1416,Rua
1417,Rua
1418,Rua
1419,Rua
1420,Rua
1421,Rua
1422,Rua
1423,Rua
1424,Rua
1425,Rua
1426,Rua
1427,Rua
1428,Rua
1429,Rua
1430,Rua
1431,Rua
1432,Rua
1433,Rua
1434,Rua
1435,Rua
1436,Rua
1437,Rua
1438,Rua
1439,Rua
1440,Rua
1441,Rua
1442,Rua
1443,Rua
1444,Rua
1445,Rua
1446,Rua
1447,Rua
1448,Rua
1449,Rua
1450,Rua
1451,Rua
1452,Rua
1453,Rua
1454,Rua
1455,Rua
1456,Rua
1457,Rua
1458,Rua
1459,Rua
1460,Rua
1461,Rua
1462,Rua
1463,Rua
1464,Rua
1465,Rua
1466,Rua
1467,Rua
1468,Rua
1469,Rua
1470,Rua
1471,Rua
1472,Rua
1473,Rua
1474,Rua
1475,Rua
1476,Rua
1477,Rua
1478,Rua
1479,Rua
1480,Rua
1481,Rua
1482,Rua
1483,Rua
1484,Rua
1485,Rua
1486,Rua
1487,Rua
1488,Rua
1489,Rua
1490,Rua
1491,Rua
1492,Rua
1493,Rua
1494,Rua
1495,Rua
1496,Rua
1497,Rua
1498,Rua
1499,Rua
1500,Rua
1501,Rua
1502,Rua
1503,Rua
1504,Rua
1505,Rua
1506,Rua
1507,Rua
1508,Rua
1509,Rua
1510,Rua
1511,Rua
1512,Rua
1513,Rua
1514,Rua
1515,Rua
1516,Rua
1517,Rua
1518,Rua
1519,Rua
1520,Rua
1521,Rua
1522,Rua
1523,Rua
1524,Rua
1525,Rua
1526,Rua
1527,Rua
1528,Rua
1529,Rua
1530,Rua
1531,Rua
1532,Rua
1533,Rua
1534,Rua
1535,Rua
1536,Rua
1537,Rua
1538,Rua
1539,Rua
1540,Rua
1541,Rua
1542,Rua
1543,Rua
1544,Rua
1545,Rua
1546,Rua
1547,Rua
1548,Rua
1549,Rua
1550,Rua
1551,Rua
1552,Rua
1553,Rua
1554,Rua
1555,Rua
1556,Rua
1557,Rua
1558,Rua
1559,Rua
1560,Rua
1561,Rua
1562,Rua
1563,Rua
1564,Rua
1565,Rua
1566,Rua
1567,Rua
1568,Rua
1569,Rua
1570,Rua
1571,Rua
1572,Rua
1573,Rua
1574,Rua
1575,Rua
1576,Rua
1577,Rua
1578,Rua
1579,Rua
1580,Rua
1581,Rua
1582,Rua
1583,Rua
1584,Rua
1585,Rua
1586,Rua
1587,Rua
1588,Rua
1589,Rua
1590,Rua
1591,Rua
1592,Rua
1593,Rua
1594,Rua
1595,Rua
1596,Rua
1597,Rua
1598,Rua
1599,Rua
1600,Rua
1601,Rua
1602,Rua
1603,Rua
1604,Rua
1605,Rua
1606,Rua
1607,Rua
1608,Rua
1609,Rua
1610,Rua
1611,Rua
1612,Rua
1613,Rua
1614,Rua
1615,Rua
1616,Rua
1617,Rua
1618,Rua
1619,Rua
1620,Rua
1621,Rua
1622,Rua
1623,Rua
1624,Rua
1625,Rua
1626,Rua
1627,Rua
1628,Rua
1629,Rua
1630,Rua
1631,Rua
1632,Rua
1633,Rua
1634,Rua
1635,Rua
1636,Rua
1637,Rua
1638,Rua
1639,Rua
1640,Rua
1641,Rua
1642,Rua
1643,Rua
1644,Rua
1645,Rua
1646,Rua
1647,Rua
1648,Rua
1649,Rua
1650,Rua
1651,Rua
1652,Rua
1653,Rua
1654,Rua
1655,Rua
1656,Rua
1657,Rua
1658,Rua
1659,Rua
1660,Rua
1661,Rua
1662,Rua
1663,Rua
1664,Rua
1665,Rua
1666,Rua
1667,Rua
1668,Rua
1669,Rua
1670,Rua
1671,Rua
1672,Rua
1673,Rua
1674,Rua
1675,Rua
1676,Rua
1677,Rua
1678,Rua
1679,Rua
1680,Rua
1681,Rua
1682,Rua
1683,Rua
1684,Rua
1685,Rua
1686,Rua
1687,Rua
1688,Rua
1689,Rua
1690,Rua
1691,Rua
1692,Rua
1693,Rua
1694,Rua
1695,Rua
1696,Rua
1697,Rua
1698,Rua
1699,Rua
1700,Rua
1701,Rua
1702,Rua
1703,Rua
1704,Rua
1705,Rua
1706,Rua
1707,Rua
1708,Rua
1709,Rua
1710,Rua
1711,Rua
1712,Rua
1713,Rua
1714,Rua
1715,Rua
1716,Rua
1717,Rua
1718,Rua
1719,Rua
1720,Rua
1721,Rua
1722,Rua
1723,Rua
1724,Rua
1725,Rua
1726,Rua
1727,Rua
1728,Rua
1729,Rua
1730,Rua
1731,Rua
1732,Rua
1733,Rua
1734,Rua
1735,Rua
1736,Rua
1737,Rua
1738,Rua
1739,Rua
1740,Rua
1741,Rua
1742,Rua
1743,Rua
1744,Rua
1745,Rua
1746,Rua
1747,Rua
1748,Rua
1749,Rua
1750,Rua
1751,Rua
1752,Rua
1753,Rua
1754,Rua
1755,Rua
1756,Rua
1757,Rua
1758,Rua
1759,Rua
1760,Rua
1761,Rua
1762,Rua
1763,Rua
1764,Rua
1765,Rua
1766,Rua
1767,Rua
1768,Rua
1769,Rua
1770,Rua
1771,Rua
1772,Rua
1773,Rua
1774,Rua
1775,Rua
1776,Rua
1777,Rua
1778,Rua
1779,Rua
1780,Rua
1781,Rua
1782,Rua
1783,Rua
1784,Rua
1785,Rua
1786,Rua
1787,Rua
1788,Rua
1789,Rua
1790,Rua
1791,Rua
1792,Rua
1793,Rua
1794,Rua
1795,Rua
1796,Rua
1797,Rua
1798,Rua
1799,Rua
1800,Rua
1801,Rua
1802,Rua
1803,Rua
1804,Rua
1805,Rua
1806,Rua
1807,Rua
1808,Rua
1809,Rua
1810,Rua
1811,Rua
1812,Rua
1813,Rua
1814,Rua
1815,Rua
1816,Rua
1817,Rua
1818,Rua
1819,Rua
1820,Rua
1821,Rua
1822,Rua
1823,Rua
1824,Rua
1825,Rua
1826,Rua
1827,Rua
1828,Rua
1829,Rua
1830,Rua
1831,Rua
1832,Rua
1833,Rua
1834,Rua
1835,Rua
1836,Rua
1837,Rua
1838,Rua
1839,Rua
1840,Rua
1841,Rua
1842,Rua
1843,Rua
1844,Rua
1845,Rua
1846,Rua
1847,Rua
1848,Rua
1849,Rua
1850,Rua
1851,Rua
1852,Rua
1853,Rua
1854,Rua
1855,Rua
1856,Rua
1857,Rua
1858,Rua
1859,Rua
1860,Rua
1861,Rua
1862,Rua
1863,Rua
1864,Rua
1865,Rua
1866,Rua
1867,Rua
1868,Rua
1869,Rua
1870,Rua
1871,Rua
1872,Rua
1873,Rua
1874,Rua
1875,Rua
1876,Rua
1877,Rua
1878,Rua
1879,Rua
1880,Rua
1881,Rua
1882,Rua
1883,Rua
1884,Rua
1885,Rua
1886,Rua
1887,Rua
1888,Rua
1889,Rua
1890,Rua
1891,Rua
1892,Rua
1893,Rua
1894,Rua
1895,Rua
1896,Rua
1897,Rua
1898,Rua
1899,Rua
1900,Rua
1901,Rua
1902,Rua
1903,Rua
1904,Rua
1905,Rua
1906,Rua
1907,Rua
1908,Rua
1909,Rua
1910,Rua
1911,Rua
1912,Rua
1913,Rua
1914,Rua
1915,Rua
1916,Rua
1917,Rua
1918,Rua
1919,Rua
1920,Rua
1921,Rua
1922,Rua
1923,Rua
1924,Rua
1925,Rua
1926,Rua
1927,Rua
1928,Rua
1929,Rua
1930,Rua
1931,Rua
1932,Rua
1933,Rua
1934,Rua
1935,Rua
1936,Rua
1937,Rua
1938,Rua
1939,Rua
1940,Rua
1941,Rua
1942,Rua
1943,Rua
1944,Rua
1945,Rua
1946,Rua
1947,Rua
1948,Rua
1949,Rua
1950,Rua
1951,Rua
1952,Rua
1953,Rua
1954,Rua
1955,Rua
1956,Rua
1957,Rua
1958,Rua
1959,Rua
1960,Rua
1961,Rua
1962,Rua
1963,Rua
1964,Rua
1965,Rua
1966,Rua
1967,Rua
1968,Rua
1969,Rua
1970,Rua
1971,Rua
1972,Rua
1973,Rua
1974,Rua
1975,Rua
1976,Rua
1977,Rua
1978,Rua
1979,Rua
1980,Rua
1981,Rua
1982,Rua
1983,Rua
1984,Rua
1985,Rua
1986,Rua
1987,Rua
1988,Rua
1989,Rua
1990,Rua
1991,Rua
1992,Rua
1993,Rua
1994,Rua
1995,Rua
1996,Rua
1997,Rua
1998,Rua
1999,Rua
2000,Rua
2001,Rua
2002,Rua
2003,Rua
2004,Rua
2005,Rua
2006,Rua
2007,Rua
2008,Rua
2009,Rua
2010,Rua
2011,Rua
2012,Rua
2013,Rua
2014,Rua
2015,Rua
2016,Rua
2017,Rua
2018,Rua
2019,Rua
2020,Rua
2021,Rua
2022,Rua
2023,Rua
2024,Rua
2025,Rua
2026,Rua
2027,Rua
2028,Rua
2029,Rua
2030,Rua
2031,Rua
2032,Rua
2033,Rua
2034,Rua
2035,Rua
2036,Rua
2037,Rua
2038,Rua
2039,Rua
2040,Rua
2041,Rua
2042,Rua
2043,Rua
2044,Rua
2045,Rua
2046,Rua
2047,Rua
2048,Rua
2049,Rua
2050,Rua
2051,Rua
2052,Rua
2053,Rua
2054,Rua
2055,Rua
2056,Rua
2057,Rua
2058,Rua
2059,Rua
2060,Rua
2061,Rua
2062,Rua
2063,Rua
2064,Rua
2065,Rua
2066,Rua
2067,Rua
2068,Rua
2069,Rua
2070,Rua
2071,Rua
2072,Rua
2073,Rua
2074,Rua
2075,Rua
2076,Rua
2077,Rua
2078,Rua
2079,Rua
2080,Rua
2081,Rua
2082,Rua
2083,Rua
2084,Rua
2085,Rua
2086,Rua
2087,Rua
2088,Rua
2089,Rua
2090,Rua
2091,Rua
2092,Rua
2093,Rua
2094,Rua
2095,Rua
2096,Rua
2097,Rua
2098,Rua
2099,Rua
2100,Rua
2101,Rua
2102,Rua
2103,Rua
2104,Rua
2105,Rua
2106,Rua
2107,Rua
2108,Rua
2109,Rua
2110,Rua
2111,Rua
2112,Rua
2113,Rua
2114,Rua
2115,Rua
2116,Rua
2117,Rua
2118,Rua
2119,Rua
2120,Rua
2121,Rua
2122,Rua
2123,Rua
2124,Rua
2125,Rua
2126,Rua
2127,Rua
2128,Rua
2129,Rua
2130,Rua
2131,Rua
2132,Rua
2133,Rua
2134,Rua
2135,Rua
2136,Rua
2137,Rua
2138,Rua
2139,Rua
2140,Rua
2141,Rua
2142,Rua
2143,Rua
2144,Rua
2145,Rua
2146,Rua
2147,Rua
2148,Rua
2149,Rua
2150,Rua
2151,Rua
2152,Rua
2153,Rua
2154,Rua
2155,Rua
2156,Rua
2157,Rua
2158,Rua
2159,Rua
2160,Rua
2161,Rua
2162,Rua
2163,Rua
2164,Rua
2165,Rua
2166,Rua
2167,Rua
2168,Rua
2169,Rua
2170,Rua
2171,Rua
2172,Rua
2173,Rua
2174,Rua
2175,Rua
2176,Rua
2177,Rua
2178,Rua
2179,Rua
2180,Rua
2181,Rua
2182,Rua
2183,Rua
2184,Rua
2185,Rua
2186,Rua
2187,Rua
2188,Rua
2189,Rua
2190,Rua
2191,Rua
2192,Rua
2193,Rua
2194,Rua
2195,Rua
2196,Rua
2197,Rua
2198,Rua
2199,Rua
2200,Rua
2201,Rua
2202,Rua
2203,Rua
2204,Rua
2205,Rua
2206,Rua
2207,Rua
2208,Rua
2209,Rua
2210,Rua
2211,Rua
2212,Rua
2213,Rua
2214,Rua
2215,Rua
2216,Rua
2217,Rua
2218,Rua
2219,Rua
2220,Rua
2221,Rua
2222,Rua
2223,Rua
2224,Rua
2225,Rua
2226,Rua
2227,Rua
2228,Rua
2229,Rua
2230,Rua
2231,Rua
2232,Rua
2233,Rua
2234,Rua
2235,Rua
2236,Rua
2237,Rua
2238,Rua
2239,Rua
2240,Rua
2241,Rua
2242,Rua
2243,Rua
2244,Rua
2245,Rua
2246,Rua
2247,Rua
2248,Rua
2249,Rua
2250,Rua
2251,Rua
2252,Rua
2253,Rua
2254,Rua
2255,Rua
2256,Rua
2257,Rua
2258,Rua
2259,Rua
2260,Rua
2261,Rua
2262,Rua
2263,Rua
2264,Rua
2265,Rua
2266,Rua
2267,Rua
2268,Rua
2269,Rua
2270,Rua
2271,Rua
2272,Rua
2273,Rua
2274,Rua
2275,Rua
2276,Rua
2277,Rua
2278,Rua
2279,Rua
2280,Rua
2281,Rua
2282,Rua
2283,Rua
2284,Rua
2285,Rua
2286,Rua
2287,Rua
2288,Rua
2289,Rua
2290,Rua
2291,Rua
2292,Rua
2293,Rua
2294,Rua
2295,Rua
2296,Rua
2297,Rua
2298,Rua
2299,Rua
2300,Rua
2301,Rua
2302,Rua
2303,Rua
2304,Rua
2305,Rua
2306,Rua
2307,Rua
2308,Rua
2309,Rua
2310,Rua
2311,Rua
2312,Rua
2313,Rua
2314,Rua
2315,Rua
2316,Rua
2317,Rua
2318,Rua
2319,Rua
2320,Rua
2321,Rua
2322,Rua
2323,Rua
2324,Rua
2325,Rua
2326,Rua
2327,Rua
2328,Rua
2329,Rua
2330,Rua
2331,Rua
2332,Rua
2333,Rua
2334,Rua
2335,Rua
2336,Rua
2337,Rua
2338,Rua
2339,Rua
2340,Rua
2341,Rua
2342,Rua
2343,Rua
2344,Rua
2345,Rua
2346,Rua
2347,Rua
2348,Rua
2349,Rua
2350,Rua
2351,Rua
2352,Rua
2353,Rua
2354,Rua
2355,Rua
2356,Rua
2357,Rua
2358,Rua
2359,Rua
2360,Rua
2361,Rua
2362,Rua
2363,Rua
2364,Rua
2365,Rua
2366,Rua
2367,Rua
2368,Rua
2369,Rua
2370,Rua
2371,Rua
2372,Rua
2373,Rua
2374,Rua
2375,Rua
2376,Rua
2377,Rua
2378,Rua
2379,Rua
2380,Rua
2381,Rua
2382,Rua
2383,Rua
2384,Rua
2385,Rua
2386,Rua
2387,Rua
2388,Rua
2389,Rua
2390,Rua
2391,Rua
2392,Rua
2393,Rua
2394,Rua
2395,Rua
2396,Rua
2397,Rua
2398,Rua
2399,Rua
2400,Rua
2401,Rua
2402,Rua
2403,Rua
2404,Rua
2405,Rua
2406,Rua
2407,Rua
2408,Rua
2409,Rua
2410,Rua
2411,Rua
2412,Rua
2413,Rua
2414,Rua
2415,Rua
2416,Rua
2417,Rua
2418,Rua
2419,Rua
2420,Rua
2421,Rua
2422,Rua
2423,Rua
2424,Rua
2425,Rua
2426,Rua
2427,Rua
2428,Rua
2429,Rua
2430,Rua
2431,Rua
2432,Rua
2433,Rua
2434,Rua
2435,Rua
2436,Rua
2437,Rua
2438,Rua
2439,Rua
2440,Rua
2441,Rua
2442,Rua
2443,Rua
2444,Rua
2445,Rua
2446,Rua
2447,Rua
2448,Rua
2449,Rua
2450,Rua
2451,Rua
2452,Rua
2453,Rua
2454,Rua
2455,Rua
2456,Rua
2457,Rua
2458,Rua
2459,Rua
2460,Rua
2461,Rua
2462,Rua
2463,Rua
2464,Rua
2465,Rua
2466,Rua
2467,Rua
2468,Rua
2469,Rua
2470,Rua
2471,Rua
2472,Rua
2473,Rua
2474,Rua
2475,Rua
2476,Rua
2477,Rua
2478,Rua
2479,Rua
2480,Rua
2481,Rua
2482,Rua
2483,Rua
2484,Rua
2485,Rua
2486,Rua
2487,Rua
2488,Rua
2489,Rua
2490,Rua
2491,Rua
2492,Rua
2493,Rua
2494,Rua
2495,Rua
2496,Rua
2497,Rua
2498,Rua
2499,Rua
2500,Rua
2501,Rua
2502,Rua
2503,Rua
2504,Rua
2505,Rua
2506,Rua
2507,Rua
2508,Rua
2509,Rua
2510,Rua
2511,Rua
2512,Rua
2513,Rua
2514,Rua
2515,Rua
2516,Rua
2517,Rua
2518,Rua
2519,Rua
2520,Rua
2521,Rua
2522,Rua
2523,Rua
2524,Rua
2525,Rua
2526,Rua
2527,Rua
2528,Rua
2529,Rua
2530,Rua
2531,Rua
2532,Rua
2533,Rua
2534,Rua
2535,Rua
2536,Rua
2537,Rua
2538,Rua
2539,Rua
2540,Rua
2541,Rua
2542,Rua
2543,Rua
2544,Rua
2545,Rua
2546,Rua
2547,Rua
2548,Rua
2549,Rua
2550,Rua
2551,Rua
2552,Rua
2553,Rua
2554,Rua
2555,Rua
2556,Rua
2557,Rua
2558,Rua
2559,Rua
2560,Rua
2561,Rua
2562,Rua
2563,Rua
2564,Rua
2565,Rua
2566,Rua
2567,Rua
2568,Rua
2569,Rua
2570,Rua
2571,Rua
2572,Rua
2573,Rua
2574,Rua
2575,Rua
2576,Rua
2577,Rua
2578,Rua
2579,Rua
2580,Rua
2581,Rua
2582,Rua
2583,Rua
2584,Rua
2585,Rua
2586,Rua
2587,Rua
2588,Rua
2589,Rua
2590,Rua
2591,Rua
2592,Rua
2593,Rua
2594,Rua
2595,Rua
2596,Rua
2597,Rua
2598,Rua
2599,Rua
2600,Rua
2601,Rua
2602,Rua
2603,Rua
2604,Rua
2605,Rua
2606,Rua
2607,Rua
2608,Rua
2609,Rua
2610,Rua
2611,Rua
2612,Rua
2613,Rua
2614,Rua
2615,Rua
2616,Rua
2617,Rua
2618,Rua
2619,Rua
2620,Rua
2621,Rua
2622,Rua
2623,Rua
2624,Rua
2625,Rua
2626,Rua
2627,Rua
2628,Rua
2629,Rua
2630,Rua
2631,Rua
2632,Rua
2633,Rua
2634,Rua
2635,Rua
2636,Rua
2637,Rua
2638,Rua
2639,Rua
2640,Rua
2641,Rua
2642,Rua
2643,Rua
2644,Rua
2645,Rua
2646,Rua
2647,Rua
2648,Rua
2649,Rua
2650,Rua
2651,Rua
2652,Rua
2653,Rua
2654,Rua
2655,Rua
2656,Rua
2657,Rua
2658,Rua
2659,Rua
2660,Rua
2661,Rua
2662,Rua
2663,Rua
2664,Rua
2665,Rua
2666,Rua
2667,Rua
2668,Rua
2669,Rua
2670,Rua
2671,Rua
2672,Rua
2673,Rua
2674,Rua
2675,Rua
2676,Rua
2677,Rua
2678,Rua
2679,Rua
2680,Rua
2681,Rua
2682,Rua
2683,Rua
2684,Rua
2685,Rua
2686,Rua
2687,Rua
2688,Rua
2689,Rua
2690,Rua
2691,Rua
2692,Rua
2693,Rua
2694,Rua
2695,Rua
2696,Rua
2697,Rua
2698,Rua
2699,Rua
2700,Rua
2701,Rua
2702,Rua
2703,Rua
2704,Rua
2705,Rua
2706,Rua
2707,Rua
2708,Rua
2709,Rua
2710,Rua
2711,Rua
2712,Rua
2713,Rua
2714,Rua
2715,Rua
2716,Rua
2717,Rua
2718,Rua
2719,Rua
2720,Rua
2721,Rua
2722,Rua
2723,Rua
2724,Rua
2725,Rua
2726,Rua
2727,Rua
2728,Rua
2729,Rua
2730,Rua
2731,Rua
2732,Rua
2733,Rua
2734,Rua
2735,Rua
2736,Rua
2737,Rua
2738,Rua
2739,Rua
2740,Rua
2741,Rua
2742,Rua
2743,Rua
2744,Rua
2745,Rua
2746,Rua
2747,Rua
2748,Rua
2749,Rua
2750,Rua
2751,Rua
2752,Rua
2753,Rua
2754,Rua
2755,Rua
2756,Rua
2757,Rua
2758,Rua
2759,Rua
2760,Rua
2761,Rua
2762,Rua
2763,Rua
2764,Rua
2765,Rua
2766,Rua
2767,Rua
2768,Rua
2769,Rua
2770,Rua
2771,Rua
2772,Rua
2773,Rua
2774,Rua
2775,Rua
2776,Rua
2777,Rua
2778,Rua
2779,Rua
2780,Rua
2781,Rua
2782,Rua
2783,Rua
2784,Rua
2785,Rua
2786,Rua
2787,Rua
2788,Rua
2789,Rua
2790,Rua
2791,Rua
2792,Rua
2793,Rua
2794,Rua
2795,Rua
2796,Rua
2797,Rua
2798,Rua
2799,Rua
2800,Rua
2801,Rua
2802,Rua
2803,Rua
2804,Rua
2805,Rua
2806,Rua
2807,Rua
2808,Rua
2809,Rua
2810,Rua
2811,Rua
2812,Rua
2813,Rua
2814,Rua
2815,Rua
2816,Rua
2817,Rua
2818,Rua
2819,Rua
2820,Rua
2821,Rua
2822,Rua
2823,Rua
2824,Rua
2825,Rua
2826,Rua
2827,Rua
2828,Rua
2829,Rua
2830,Rua
2831,Rua
2832,Rua
2833,Rua
2834,Rua
2835,Rua
2836,Rua
2837,Rua
2838,Rua
2839,Rua
2840,Rua
2841,Rua
2842,Rua
2843,Rua
2844,Rua
2845,Rua
2846,Rua
2847,Rua
2848,Rua
2849,Rua
2850,Rua
2851,Rua
2852,Rua
2853,Rua
2854,Rua
2855,Rua
2856,Rua
2857,Rua
2858,Rua
2859,Rua
2860,Rua
2861,Rua
2862,Rua
2863,Rua
2864,Rua
2865,Rua
2866,Rua
2867,Rua
2868,Rua
2869,Rua
2870,Rua
2871,Rua
2872,Rua
2873,Rua
2874,Rua
2875,Rua
2876,Rua
2877,Rua
2878,Rua
2879,Rua
2880,Rua
2881,Rua
2882,Rua
2883,Rua
2884,Rua
2885,Rua
2886,Rua
2887,Rua
2888,Rua
2889,Rua
2890,Rua
2891,Rua
2892,Rua
2893,Rua
2894,Rua
2895,Rua
2896,Rua
2897,Rua
2898,Rua
2899,Rua
2900,Rua
2901,Rua
2902,Rua
2903,Rua
2904,Rua
2905,Rua
2906,Rua
2907,Rua
2908,Rua
2909,Rua
2910,Rua
2911,Rua
2912,Rua
2913,Rua
2914,Rua
2915,Rua
2916,Rua
2917,Rua
2918,Rua
2919,Rua
2920,Rua
2921,Rua
2922,Rua
2923,Rua
2924,Rua
2925,Rua
2926,Rua
2927,Rua
2928,Rua
2929,Rua
2930,Rua
2931,Rua
2932,Rua
2933,Rua
2934,Rua
2935,Rua
2936,Rua
2937,Rua
2938,Rua
2939,Rua
2940,Rua
2941,Rua
2942,Rua
2943,Rua
2944,Rua
2945,Rua
2946,Rua
2947,Rua
2948,Rua
2949,Rua
2950,Rua
2951,Rua
2952,Rua
2953,Rua
2954,Rua
2955,Rua
2956,Rua
2957,Rua
2958,Rua
2959,Rua
2960,Rua
2961,Rua
2962,Rua
2963,Rua
2964,Rua
2965,Rua
2966,Rua
2967,Rua
2968,Rua
2969,Rua
2970,Rua
2971,Rua
2972,Rua
2973,Rua
2974,Rua
2975,Rua
2976,Rua
2977,Rua
2978,Rua
2979,Rua
2980,Rua
2981,Rua
2982,Rua
2983,Rua
2984,Rua
2985,Rua
2986,Rua
2987,Rua
2988,Rua
2989,Rua
2990,Rua
2991,Rua
2992,Rua
2993,Rua
2994,Rua
2995,Rua
2996,Rua
2997,Rua
2998,Rua
2999,Rua
3000,Rua
3001,Rua
3002,Rua
3003,Rua
3004,Rua
3005,Rua
3006,Rua
3007,Rua
3008,Rua
3009,Rua
3010,Rua
3011,Rua
3012,Rua
3013,Rua
3014,Rua
3015,Rua
3016,Rua
3017,Rua
3018,Rua
3019,Rua
3020,Rua
3021,Rua
3022,Rua
3023,Rua
3024,Rua
3025,Rua
3026,Rua
3027,Rua
3028,Rua
3029,Rua
3030,Rua
3031,Rua
3032,Rua
3033,Rua
3034,Rua
3035,Rua
3036,Rua
3037,Rua
3038,Rua
3039,Rua
3040,Rua
3041,Rua
3042,Rua
3043,Rua
3044,Rua
3045,Rua
3046,Rua
3047,Rua
3048,Rua
3049,Rua
3050,Rua
3051,Rua
3052,Rua
3053,Rua
3054,Rua
3055,Rua
3056,Rua
3057,Rua
3058,Rua
3059,Rua
3060,Rua
3061,Rua
3062,Rua
3063,Rua
3064,Rua
3065,Rua
3066,Rua
3067,Rua
3068,Rua
3069,Rua
3070,Rua
3071,Rua
3072,Rua
3073,Rua
3074,Rua
3075,Rua
3076,Rua
3077,Rua
3078,Rua
3079,Rua
3080,Rua
3081,Rua
3082,Rua
3083,Rua
3084,Rua
3085,Rua
3086,Rua
3087,Rua
3088,Rua
3089,Rua
3090,Rua
3091,Rua
3092,Rua
3093,Rua
3094,Rua
3095,Rua
3096,Rua
3097,Rua
3098,Rua
3099,Rua
3100,Rua
3101,Rua
3102,Rua
3103,Rua
3104,Rua
3105,Rua
3106,Rua
3107,Rua
3108,Rua
3109,Rua
3110,Rua
3111,Rua
3112,Rua
3113,Rua
3114,Rua
3115,Rua
3116,Rua
3117,Rua
3118,Rua
3119,Rua
3120,Rua
3121,Rua
3122,Rua
3123,Rua
3124,Rua
3125,Rua
3126,Rua
3127,Rua
3128,Rua
3129,Rua
3130,Rua
3131,Rua
3132,Rua
3133,Rua
3134,Rua
3135,Rua
3136,Rua
3137,Rua
3138,Rua
3139,Rua
3140,Rua
3141,Rua
3142,Rua
3143,Rua
3144,Rua
3145,Rua
3146,Rua
3147,Rua
3148,Rua
3149,Rua
3150,Rua
3151,Rua
3152,Rua
3153,Rua
3154,Rua
3155,Rua
3156,Rua
3157,Rua
3158,Rua
3159,Rua
3160,Rua
3161,Rua
3162,Rua
3163,Rua
3164,Rua
3165,Rua
3166,Rua
3167,Rua
3168,Rua
3169,Rua
3170,Rua
3171,Rua
3172,Rua
3173,Rua
3174,Rua
3175,Rua
3176,Rua
3177,Rua
3178,Rua
3179,Rua
3180,Rua
3181,Rua
3182,Rua
3183,Rua
3184,Rua
3185,Rua
3186,Rua
3187,Rua
3188,Rua
3189,Rua
3190,Rua
3191,Rua
3192,Rua
3193,Rua
3194,Rua
3195,Rua
3196,Rua
3197,Rua
3198,Rua
3199,Rua
3200,Rua
3201,Rua
3202,Rua
3203,Rua
3204,Rua
3205,Rua
3206,Rua
3207,Rua
3208,Rua
3209,Rua
3210,Rua
3211,Rua
3212,Rua
3213,Rua
3214,Rua
3215,Rua
3216,Rua
3217,Rua
3218,Rua
3219,Rua
3220,Rua
3221,Rua
3222,Rua
3223,Rua
3224,Rua
3225,Rua
3226,Rua
3227,Rua
3228,Rua
3229,Rua
3230,Rua
3231,Rua
3232,Rua
3233,Rua
3234,Rua
3235,Rua
3236,Rua
3237,Rua
3238,Rua
3239,Rua
3240,Rua
3241,Rua
3242,Rua
3243,Rua
3244,Rua
3245,Rua
3246,Rua
3247,Rua
3248,Rua
3249,Rua
3250,Rua
3251,Rua
3252,Rua
3253,Rua
3254,Rua
3255,Rua
3256,Rua
3257,Rua
3258,Rua
3259,Rua
3260,Rua
3261,Rua
3262,Rua
3263,Rua
3264,Rua
3265,Rua
3266,Rua
3267,Rua
3268,Rua
3269,Rua
3270,Rua
3271,Rua
3272,Rua
3273,Rua
3274,Rua
3275,Rua
3276,Rua
3277,Rua
3278,Rua
3279,Rua
3280,Rua
3281,Rua
3282,Rua
3283,Rua
3284,Rua
3285,Rua
3286,Rua
3287,Rua
3288,Rua
3289,Rua
3290,Rua
3291,Rua
3292,Rua
3293,Rua
3294,Rua
3295,Rua
3296,Rua
3297,Rua
3298,Rua
3299,Rua
3300,Rua
3301,Rua
3302,Rua
3303,Rua
3304,Rua
3305,Rua
3306,Rua
3307,Rua
3308,Rua
3309,Rua
3310,Rua
3311,Rua
3312,Rua
3313,Rua
3314,Rua
3315,Rua
3316,Rua
3317,Rua
3318,Rua
3319,Rua
3320,Rua
3321,Rua
3322,Rua
3323,Rua
3324,Rua
3325,Rua
3326,Rua
3327,Rua
3328,Rua
3329,Rua
3330,Rua
3331,Rua
3332,Rua
3333,Rua
3334,Rua
3335,Rua
3336,Rua
3337,Rua
3338,Rua
3339,Rua
3340,Rua
3341,Rua
3342,Rua
3343,Rua
3344,Rua
3345,Rua
3346,Rua
3347,Rua
3348,Rua
3349,Rua
3350,Rua
3351,Rua
3352,Rua
3353,Rua
3354,Rua
3355,Rua
3356,Rua
3357,Rua
3358,Rua
3359,Rua
3360,Rua
3361,Rua
3362,Rua
3363,Rua
3364,Rua
3365,Rua
3366,Rua
3367,Rua
3368,Rua
3369,Rua
3370,Rua
3371,Rua
3372,Rua
3373,Rua
3374,Rua
3375,Rua
3376,Rua
3377,Rua
3378,Rua
3379,Rua
3380,Rua
3381,Rua
3382,Rua
3383,Rua
3384,Rua
3385,Rua
3386,Rua
3387,Rua
3388,Rua
3389,Rua
3390,Rua
3391,Rua
3392,Rua
3393,Rua
3394,Rua
3395,Rua
3396,Rua
3397,Rua
3398,Rua
3399,Rua
3400,Rua
3401,Rua
3402,Rua
3403,Rua
3404,Rua
3405,Rua
3406,Rua
3407,Rua
3408,Rua
3409,Rua
3410,Rua
3411,Rua
3412,Rua
3413,Rua
3414,Rua
3415,Rua
3416,Rua
3417,Rua
3418,Rua
3419,Rua
3420,Rua
3421,Rua
3422,Rua
3423,Rua
3424,Rua
3425,Rua
3426,Rua
3427,Rua
3428,Rua
3429,Rua
3430,Rua
3431,Rua
3432,Rua
3433,Rua
3434,Rua
3435,Rua
3436,Rua
3437,Rua
3438,Rua
3439,Rua
3440,Rua
3441,Rua
3442,Rua
3443,Rua
3444,Rua
3445,Rua
3446,Rua
3447,Rua
3448,Rua
3449,Rua
3450,Rua
3451,Rua
3452,Rua
3453,Rua
3454,Rua
3455,Rua
3456,Rua
3457,Rua
3458,Rua
3459,Rua
3460,Rua
3461,Rua
3462,Rua
3463,Rua
3464,Rua
3465,Rua
3466,Rua
3467,Rua
3468,Rua
3469,Rua
3470,Rua
3471,Rua
3472,Rua
3473,Rua
3474,Rua
3475,Rua
3476,Rua
3477,Rua
3478,Rua
3479,Rua
3480,Rua
3481,Rua
3482,Rua
3483,Rua
3484,Rua
3485,Rua
3486,Rua
3487,Rua
3488,Rua
3489,Rua
3490,Rua
3491,Rua
3492,Rua
3493,Rua
3494,Rua
3495,Rua
3496,Rua
3497,Rua
3498,Rua
3499,Rua
3500,Rua
3501,Rua
3502,Rua
3503,Rua
3504,Rua
3505,Rua
3506,Rua
3507,Rua
3508,Rua
3509,Rua
3510,Rua
3511,Rua
3512,Rua
3513,Rua
3514,Rua
3515,Rua
3516,Rua
3517,Rua
3518,Rua
3519,Rua
3520,Rua
3521,Rua
3522,Rua
3523,Rua
3524,Rua
3525,Rua
3526,Rua
3527,Rua
3528,Rua
3529,Rua
3530,Rua
3531,Rua
3532,Rua
3533,Rua
3534,Rua
3535,Rua
3536,Rua
3537,Rua
3538,Rua
3539,Rua
3540,Rua
3541,Rua
3542,Rua
3543,Rua
3544,Rua
3545,Rua
3546,Rua
3547,Rua
3548,Rua
3549,Rua
3550,Rua
3551,Rua
3552,Rua
3553,Rua
3554,Rua
3555,Rua
3556,Rua
3557,Rua
3558,Rua
3559,Rua
3560,Rua
3561,Rua
3562,Rua
3563,Rua
3564,Rua
3565,Rua
3566,Rua
3567,Rua
3568,Rua
3569,Rua
3570,Rua
3571,Rua
3572,Rua
3573,Rua
3574,Rua
3575,Rua
3576,Rua
3577,Rua
3578,Rua
3579,Rua
3580,Rua
3581,Rua
3582,Rua
3583,Rua
3584,Rua
3585,Rua
3586,Rua
3587,Rua
3588,Rua
3589,Rua
3590,Rua
3591,Rua
3592,Rua
3593,Rua
3594,Rua
3595,Rua
3596,Rua
3597,Rua
3598,Rua
3599,Rua
3600,Rua
3601,Rua
3602,Rua
3603,Rua
3604,Rua
3605,Rua
3606,Rua
3607,Rua
3608,Rua
3609,Rua
3610,Rua
3611,Rua
3612,Rua
3613,Rua
3614,Rua
3615,Rua
3616,Rua
3617,Rua
3618,Rua
3619,Rua
3620,Rua
3621,Rua
3622,Rua
3623,Rua
3624,Rua
3625,Rua
3626,Rua
3627,Rua
3628,Rua
3629,Rua
3630,Rua
3631,Rua
3632,Rua
3633,Rua
3634,Rua
3635,Rua
3636,Rua
3637,Rua
3638,Rua
3639,Rua
3640,Rua
3641,Rua
3642,Rua
3643,Rua
3644,Rua
3645,Rua
3646,Rua
3647,Rua
3648,Rua
3649,Rua
3650,Rua
3651,Rua
3652,Rua
3653,Rua
3654,Rua
3655,Rua
3656,Rua
3657,Rua
3658,Rua
3659,Rua
3660,Rua
3661,Rua
3662,Rua
3663,Rua
3664,Rua
3665,Rua
3666,Rua
3667,Rua
3668,Rua
3669,Rua
3670,Rua
3671,Rua
3672,Rua
3673,Rua
3674,Rua
3675,Rua
3676,Rua
3677,Rua
3678,Rua
3679,Rua
3680,Rua
3681,Rua
3682,Rua
3683,Rua
3684,Rua
3685,Rua
3686,Rua
3687,Rua
3688,Rua
3689,Rua
3690,Rua
3691,Rua
3692,Rua
3693,Rua
3694,Rua
3695,Rua
3696,Rua
3697,Rua
3698,Rua
3699,Rua
3700,Rua
3701,Rua
3702,Rua
3703,Rua
3704,Rua
3705,Rua
3706,Rua
3707,Rua
3708,Rua
3709,Rua
3710,Rua
3711,Rua
3712,Rua
3713,Rua
3714,Rua
3715,Rua
3716,Rua
3717,Rua
3718,Rua
3719,Rua
3720,Rua
3721,Rua
3722,Rua
3723,Rua
3724,Rua
3725,Rua
3726,Rua
3727,Rua
3728,Rua
3729,Rua
3730,Rua
3731,Rua
3732,Rua
3733,Rua
3734,Rua
3735,Rua
3736,Rua
3737,Rua
3738,Rua
3739,Rua
3740,Rua
3741,Rua
3742,Rua
3743,Rua
3744,Rua
3745,Rua
3746,Rua
3747,Rua
3748,Rua
3749,Rua
3750,Rua
3751,Rua
3752,Rua
3753,Rua
3754,Rua
3755,Rua
3756,Rua
3757,Rua
3758,Rua
3759,Rua
3760,Rua
3761,Rua
3762,Rua
3763,Rua
3764,Rua
3765,Rua
3766,Rua
3767,Rua
3768,Rua
3769,Rua
3770,Rua
3771,Rua
3772,Rua
3773,Rua
3774,Rua
3775,Rua
3776,Rua
3777,Rua
3778,Rua
3779,Rua
3780,Rua
3781,Rua
3782,Rua
3783,Rua
3784,Rua
3785,Rua
3786,Rua
3787,Rua
3788,Rua
3789,Rua
3790,Rua
3791,Rua
3792,Rua
3793,Rua
3794,Rua
3795,Rua
3796,Rua
3797,Rua
3798,Rua
3799,Rua
3800,Rua
3801,Rua
3802,Rua
3803,Rua
3804,Rua
3805,Rua
3806,Rua
3807,Rua
3808,Rua
3809,Rua
3810,Rua
3811,Rua
3812,Rua
3813,Rua
3814,Rua
3815,Rua
3816,Rua
3817,Rua
3818,Rua
3819,Rua
3820,Rua
3821,Rua
3822,Rua
3823,Rua
3824,Rua
3825,Rua
3826,Rua
3827,Rua
3828,Rua
3829,Rua
3830,Rua
3831,Rua
3832,Rua
3833,Rua
3834,Rua
3835,Rua
3836,Rua
3837,Rua
3838,Rua
3839,Rua
3840,Rua
3841,Rua
3842,Rua
3843,Rua
3844,Rua
3845,Rua
3846,Rua
3847,Rua
3848,Rua
3849,Rua
3850,Rua
3851,Rua
3852,Rua
3853,Rua
3854,Rua
3855,Rua
3856,Rua
3857,Rua
3858,Rua
3859,Rua
3860,Rua
3861,Rua
3862,Rua
3863,Rua
3864,Rua
3865,Rua
3866,Rua
3867,Rua
3868,Rua
3869,Rua
3870,Rua
3871,Rua
3872,Rua
3873,Rua
3874,Rua
3875,Rua
3876,Rua
3877,Rua
3878,Rua
3879,Rua
3880,Rua
3881,Rua
3882,Rua
3883,Rua
3884,Rua
3885,Rua
3886,Rua
3887,Rua
3888,Rua
3889,Rua
3890,Rua
3891,Rua
3892,Rua
3893,Rua
3894,Rua
3895,Rua
3896,Rua
3897,Rua
3898,Rua
3899,Rua
3900,Rua
3901,Rua
3902,Rua
3903,Rua
3904,Rua
3905,Rua
3906,Rua
3907,Rua
3908,Rua
3909,Rua
3910,Rua
3911,Rua
3912,Rua
3913,Rua
3914,Rua
3915,Rua
3916,Rua
3917,Rua
3918,Rua
3919,Rua
3920,Rua
3921,Rua
3922,Rua
3923,Rua
3924,Rua
3925,Rua
3926,Rua
3927,Rua
3928,Rua
3929,Rua
3930,Rua
3931,Rua
3932,Rua
3933,Rua
3934,Rua
3935,Rua
3936,Rua
3937,Rua
3938,Rua
3939,Rua
3940,Rua
3941,Rua
3942,Rua
3943,Rua
3944,Rua
3945,Rua
3946,Rua
3947,Rua
3948,Rua
3949,Rua
3950,Rua
3951,Rua
3952,Rua
3953,Rua
3954,Rua
3955,Rua
3956,Rua
3957,Rua
3958,Rua
3959,Rua
3960,Rua
3961,Rua
3962,Rua
3963,Rua
3964,Rua
3965,Rua
3966,Rua
3967,Rua
3968,Rua
3969,Rua
3970,Rua
3971,Rua
3972,Rua
3973,Rua
3974,Rua
3975,Rua
3976,Rua
3977,Rua
3978,Rua
3979,Rua
3980,Rua
3981,Rua
3982,Rua
3983,Rua
3984,Rua
3985,Rua
3986,Rua
3987,Rua
3988,Rua
3989,Rua
3990,Rua
3991,Rua
3992,Rua
3993,Rua
3994,Rua
3995,Rua
3996,Rua
3997,Rua
3998,Rua
3999,Rua
4000,Rua
4001,Rua
4002,Rua
4003,Rua
4004,Rua
4005,Rua
4006,Rua
4007,Rua
4008,Rua
4009,Rua
4010,Rua
4011,Rua
4012,Rua
4013,Rua
4014,Rua
4015,Rua
4016,Rua
4017,Rua
4018,Rua
4019,Rua
4020,Rua
4021,Rua
4022,Rua
4023,Rua
4024,Rua
4025,Rua
4026,Rua
4027,Rua
4028,Rua
4029,Rua
4030,Rua
4031,Rua
4032,Rua
4033,Rua
4034,Rua
4035,Rua
4036,Rua
4037,Rua
4038,Rua
4039,Rua
4040,Rua
4041,Rua
4042,Rua
4043,Rua
4044,Rua
4045,Rua
4046,Rua
4047,Rua
4048,Rua
4049,Rua
4050,Rua
4051,Rua
4052,Rua
4053,Rua
4054,Rua
4055,Rua
4056,Rua
4057,Rua
4058,Rua
4059,Rua
4060,Rua
4061,Rua
4062,Rua
4063,Rua
4064,Rua
4065,Rua
4066,Rua
4067,Rua
4068,Rua
4069,Rua
4070,Rua
4071,Rua
4072,Rua
4073,Rua
4074,Rua
4075,Rua
4076,Rua
4077,Rua
4078,Rua
4079,Rua
4080,Rua
4081,Rua
4082,Rua
4083,Rua
4084,Rua
4085,Rua
4086,Rua
4087,Rua
4088,Rua
4089,Rua
4090,Rua
4091,Rua
4092,Rua
4093,Rua
4094,Rua
4095,Rua
4096,Rua
4097,Rua
4098,Rua
4099,Rua
4100,Rua
4101,Rua
4102,Rua
4103,Rua
4104,Rua
4105,Rua
4106,Rua
4107,Rua
4108,Rua
4109,Rua
4110,Rua
4111,Rua
4112,Rua
4113,Rua
4114,Rua
4115,Rua
4116,Rua
4117,Rua
4118,Rua
4119,Rua
4120,Rua
4121,Rua
4122,Rua
4123,Rua
4124,Rua
4125,Rua
4126,Rua
4127,Rua
4128,Rua
4129,Rua
4130,Rua
4131,Rua
4132,Rua
4133,Rua
4134,Rua
4135,Rua
4136,Rua
4137,Rua
4138,Rua
4139,Rua
4140,Rua
4141,Rua
4142,Rua
4143,Rua
4144,Rua
4145,Rua
4146,Rua
4147,Rua
4148,Rua
4149,Rua
4150,Rua
4151,Rua
4152,Rua
4153,Rua
4154,Rua
4155,Rua
4156,Rua
4157,Rua
4158,Rua
4159,Rua
4160,Rua
4161,Rua
4162,Rua
4163,Rua
4164,Rua
4165,Rua
4166,Rua
4167,Rua
4168,Rua
4169,Rua
4170,Rua
4171,Rua
4172,Rua
4173,Rua
4174,Rua
4175,Rua
4176,Rua
4177,Rua
4178,Rua
4179,Rua
4180,Rua
4181,Rua
4182,Rua
4183,Rua
4184,Rua
4185,Rua
4186,Rua
4187,Rua
4188,Rua
4189,Rua
4190,Rua
4191,Rua
4192,Rua
4193,Rua
4194,Rua
4195,Rua
4196,Rua
4197,Rua
4198,Rua
4199,Rua
4200,Rua
4201,Rua
4202,Rua
4203,Rua
4204,Rua
4205,Rua
4206,Rua
4207,Rua
4208,Rua
4209,Rua
4210,Rua
4211,Rua
4212,Rua
4213,Rua
4214,Rua
4215,Rua
4216,Rua
4217,Rua
4218,Rua
4219,Rua
4220,Rua
4221,Rua
4222,Rua
4223,Rua
4224,Rua
4225,Rua
4226,Rua
4227,Rua
4228,Rua
4229,Rua
4230,Rua
4231,Rua
4232,Rua
4233,Rua
4234,Rua
4235,Rua
4236,Rua
4237,Rua
4238,Rua
4239,Rua
4240,Rua
4241,Rua
4242,Rua
4243,Rua
4244,Rua
4245,Rua
4246,Rua
4247,Rua
4248,Rua
4249,Rua
4250,Rua
4251,Rua
4252,Rua
4253,Rua
4254,Rua
4255,Rua
4256,Rua
4257,Rua
4258,Rua
4259,Rua
4260,Rua
4261,Rua
4262,Rua
4263,Rua
4264,Rua
4265,Rua
4266,Rua
4267,Rua
4268,Rua
4269,Rua
4270,Rua
4271,Rua
4272,Rua
4273,Rua
4274,Rua
4275,Rua
4276,Rua
4277,Rua
4278,Rua
4279,Rua
4280,Rua
4281,Rua
4282,Rua
4283,Rua
4284,Rua
4285,Rua
4286,Rua
4287,Rua
4288,Rua
4289,Rua
4290,Rua
4291,Rua
4292,Rua
4293,Rua
4294,Rua
4295,Rua
4296,Rua
4297,Rua
4298,Rua
4299,Rua
4300,Rua
4301,Rua
4302,Rua
4303,Rua
4304,Rua
4305,Rua
4306,Rua
4307,Rua
4308,Rua
4309,Rua
4310,Rua
4311,Rua
4312,Rua
4313,Rua
4314,Rua
4315,Rua
4316,Rua
4317,Rua
4318,Rua
4319,Rua
4320,Rua
4321,Rua
4322,Rua
4323,Rua
4324,Rua
4325,Rua
4326,Rua
4327,Rua
4328,Rua
4329,Rua
4330,Rua
4331,Rua
4332,Rua
4333,Rua
4334,Rua
4335,Rua
4336,Rua
4337,Rua
4338,Rua
4339,Rua
4340,Rua
4341,Rua
4342,Rua
4343,Rua
4344,Rua
4345,Rua
4346,Rua
4347,Rua
4348,Rua
4349,Rua
4350,Rua
4351,Rua
4352,Rua
4353,Rua
4354,Rua
4355,Rua
4356,Rua
4357,Rua
4358,Rua
4359,Rua
4360,Rua
4361,Rua
4362,Rua
4363,Rua
4364,Rua
4365,Rua
4366,Rua
4367,Rua
4368,Rua
4369,Rua
4370,Rua
4371,Rua
4372,Rua
4373,Rua
4374,Rua
4375,Rua
4376,Rua
4377,Rua
4378,Rua
4379,Rua
4380,Rua
4381,Rua
4382,Rua
4383,Rua
4384,Rua
4385,Rua
4386,Rua
4387,Rua
4388,Rua
4389,Rua
4390,Rua
4391,Rua
4392,Rua
4393,Rua
4394,Rua
4395,Rua
4396,Rua
4397,Rua
4398,Rua
4399,Rua
4400,Rua
4401,Rua
4402,Rua
4403,Rua
4404,Rua
4405,Rua
4406,Rua
4407,Rua
4408,Rua
4409,Rua
4410,Rua
4411,Rua
4412,Rua
4413,Rua
4414,Rua
4415,Rua
4416,Rua
4417,Rua
4418,Rua
4419,Rua
4420,Rua
4421,Rua
4422,Rua
4423,Rua
4424,Rua
4425,Rua
4426,Rua
4427,Rua
4428,Rua
4429,Rua
4430,Rua
4431,Rua
4432,Rua
4433,Rua
4434,Rua
4435,Rua
4436,Rua
4437,Rua
4438,Rua
4439,Rua
4440,Rua
4441,Rua
4442,Rua
4443,Rua
4444,Rua
4445,Rua
4446,Rua
4447,Rua
4448,Rua
4449,Rua
4450,Rua
4451,Rua
4452,Rua
4453,Rua
4454,Rua
4455,Rua
4456,Rua
4457,Rua
4458,Rua
4459,Rua
4460,Rua
4461,Rua
4462,Rua
4463,Rua
4464,Rua
4465,Rua
4466,Rua
4467,Rua
4468,Rua
4469,Rua
4470,Rua
4471,Rua
4472,Rua
4473,Rua
4474,Rua
4475,Rua
4476,Rua
4477,Rua
4478,Rua
4479,Rua
4480,Rua
4481,Rua
4482,Rua
4483,Rua
4484,Rua
4485,Rua
4486,Rua
4487,Rua
4488,Rua
4489,Rua
4490,Rua
4491,Rua
4492,Rua
4493,Rua
4494,Rua
4495,Rua
4496,Rua
4497,Rua
4498,Rua
4499,Rua
4500,Rua
4501,Rua
4502,Rua
4503,Rua
4504,Rua
4505,Rua
4506,Rua
4507,Rua
4508,Rua
4509,Rua
4510,Rua
4511,Rua
4512,Rua
4513,Rua
4514,Rua
4515,Rua
4516,Rua
4517,Rua
4518,Rua
4519,Rua
4520,Rua
4521,Rua
4522,Rua
4523,Rua
4524,Rua
4525,Rua
4526,Rua
4527,Rua
4528,Rua
4529,Rua
4530,Rua
4531,Rua
4532,Rua
4533,Rua
4534,Rua
4535,Rua
4536,Rua
4537,Rua
4538,Rua
4539,Rua
4540,Rua
4541,Rua
4542,Rua
4543,Rua
4544,Rua
4545,Rua
4546,Rua
4547,Rua
4548,Rua
4549,Rua
4550,Rua
4551,Rua
4552,Rua
4553,Rua
4554,Rua
4555,Rua
4556,Rua
4557,Rua
4558,Rua
4559,Rua
4560,Rua
4561,Rua
4562,Rua
4563,Rua
4564,Rua
4565,Rua
4566,Rua
4567,Rua
4568,Rua
4569,Rua
4570,Rua
4571,Rua
4572,Rua
4573,Rua
4574,Rua
4575,Rua
4576,Rua
4577,Rua
4578,Rua
4579,Rua
4580,Rua
4581,Rua
4582,Rua
4583,Rua
4584,Rua
4585,Rua
4586,Rua
4587,Rua
4588,Rua
4589,Rua
4590,Rua
4591,Rua
4592,Rua
4593,Rua
4594,Rua
4595,Rua
4596,Rua
4597,Rua
4598,Rua
4599,Rua
4600,Rua
4601,Rua
4602,Rua
4603,Rua
4604,Rua
4605,Rua
4606,Rua
4607,Rua
4608,Rua
4609,Rua
4610,Rua
4611,Rua
4612,Rua
4613,Rua
4614,Rua
4615,Rua
4616,Rua
4617,Rua
4618,Rua
4619,Rua
4620,Rua
4621,Rua
4622,Rua
4623,Rua
4624,Rua
4625,Rua
4626,Rua
4627,Rua
4628,Rua
4629,Rua
4630,Rua
4631,Rua
4632,Rua
4633,Rua
4634,Rua
4635,Rua
4636,Rua
4637,Rua
4638,Rua
4639,Rua
4640,Rua
4641,Rua
4642,Rua
4643,Rua
4644,Rua
4645,Rua
4646,Rua
4647,Rua
4648,Rua
4649,Rua
4650,Rua
4651,Rua
4652,Rua
4653,Rua
4654,Rua
4655,Rua
4656,Rua
4657,Rua
4658,Rua
4659,Rua
4660,Rua
4661,Rua
4662,Rua
4663,Rua
4664,Rua
4665,Rua
4666,Rua
4667,Rua
4668,Rua
4669,Rua
4670,Rua
4671,Rua
4672,Rua
4673,Rua
4674,Rua
4675,Rua
4676,Rua
4677,Rua
4678,Rua
4679,Rua
4680,Rua
4681,Rua
4682,Rua
4683,Rua
4684,Rua
4685,Rua
4686,Rua
4687,Rua
4688,Rua
4689,Rua
4690,Rua
4691,Rua
4692,Rua
4693,Rua
4694,Rua
4695,Rua
4696,Rua
4697,Rua
4698,Rua
4699,Rua
4700,Rua
4701,Rua
4702,Rua
4703,Rua
4704,Rua
4705,Rua
4706,Rua
4707,Rua
4708,Rua
4709,Rua
4710,Rua
4711,Rua
4712,Rua
4713,Rua
4714,Rua
4715,Rua
4716,Rua
4717,Rua
4718,Rua
4719,Rua
4720,Rua
4721,Rua
4722,Rua
4723,Rua
4724,Rua
4725,Rua
4726,Rua
4727,Rua
4728,Rua
4729,Rua
4730,Rua
4731,Rua
4732,Rua
4733,Rua
4734,Rua
4735,Rua
4736,Rua
4737,Rua
4738,Rua
4739,Rua
4740,Rua
4741,Rua
4742,Rua
4743,Rua
4744,Rua
4745,Rua
4746,Rua
4747,Rua
4748,Rua
4749,Rua
4750,Rua
4751,Rua
4752,Rua
4753,Rua
4754,Rua
4755,Rua
4756,Rua
4757,Rua
4758,Rua
4759,Rua
4760,Rua
4761,Rua
4762,Rua
4763,Rua
4764,Rua
4765,Rua
4766,Rua
4767,Rua
4768,Rua
4769,Rua
4770,Rua
4771,Rua
4772,Rua
4773,Rua
4774,Rua
4775,Rua
4776,Rua
4777,Rua
4778,Rua
4779,Rua
4780,Rua
4781,Rua
4782,Rua
4783,Rua
4784,Rua
4785,Rua
4786,Rua
4787,Rua
4788,Rua
4789,Rua
4790,Rua
4791,Rua
4792,Rua
4793,Rua
4794,Rua
4795,Rua
4796,Rua
4797,Rua
4798,Rua
4799,Rua
4800,Rua
4801,Rua
4802,Rua
4803,Rua
4804,Rua
4805,Rua
4806,Rua
4807,Rua
4808,Rua
4809,Rua
4810,Rua
4811,Rua
4812,Rua
4813,Rua
4814,Rua
4815,Rua
4816,Rua
4817,Rua
4818,Rua
4819,Rua
4820,Rua
4821,Rua
4822,Rua
4823,Rua
4824,Rua
4825,Rua
4826,Rua
4827,Rua
4828,Rua
4829,Rua
4830,Rua
4831,Rua
4832,Rua
4833,Rua
4834,Rua
4835,Rua
4836,Rua
4837,Rua
4838,Rua
4839,Rua
4840,Rua
4841,Rua
4842,Rua
4843,Rua
4844,Rua
4845,Rua
4846,Rua
4847,Rua
4848,Rua
4849,Rua
4850,Rua
4851,Rua
4852,Rua
4853,Rua
4854,Rua
4855,Rua
4856,Rua
4857,Rua
4858,Rua
4859,Rua
4860,Rua
4861,Rua
4862,Rua
4863,Rua
4864,Rua
4865,Rua
4866,Rua
4867,Rua
4868,Rua
4869,Rua
4870,Rua
4871,Rua
4872,Rua
4873,Rua
4874,Rua
4875,Rua
4876,Rua
4877,Rua
4878,Rua
4879,Rua
4880,Rua
4881,Rua
4882,Rua
4883,Rua
4884,Rua
4885,Rua
4886,Rua
4887,Rua
4888,Rua
4889,Rua
4890,Rua
4891,Rua
4892,Rua
4893,Rua
4894,Rua
4895,Rua
4896,Rua
4897,Rua
4898,Rua
4899,Rua
4900,Rua
4901,Rua
4902,Rua
4903,Rua
4904,Rua
4905,Rua
4906,Rua
4907,Rua
4908,Rua
4909,Rua
4910,Rua
4911,Rua
4912,Rua
4913,Rua
4914,Rua
4915,Rua
4916,Rua
4917,Rua
4918,Rua
4919,Rua
4920,Rua
4921,Rua
4922,Rua
4923,Rua
4924,Rua
4925,Rua
4926,Rua
4927,Rua
4928,Rua
4929,Rua
4930,Rua
4931,Rua
4932,Rua
4933,Rua
4934,Rua
4935,Rua
4936,Rua
4937,Rua
4938,Rua
4939,Rua
4940,Rua
4941,Rua
4942,Rua
4943,Rua
4944,Rua
4945,Rua
4946,Rua
4947,Rua
4948,Rua
4949,Rua
4950,Rua
4951,Rua
4952,Rua
4953,Rua
4954,Rua
4955,Rua
4956,Rua
4957,Rua
4958,Rua
4959,Rua
4960,Rua
4961,Rua
4962,Rua
4963,Rua
4964,Rua
4965,Rua
4966,Rua
4967,Rua
4968,Rua
4969,Rua
4970,Rua
4971,Rua
4972,Rua
4973,Rua
4974,Rua
4975,Rua
4976,Rua
4977,Rua
4978,Rua
4979,Rua
4980,Rua
4981,Rua
4982,Rua
4983,Rua
4984,Rua
4985,Rua
4986,Rua
4987,Rua
4988,Rua
4989,Rua
4990,Rua
4991,Rua
4992,Rua
4993,Rua
4994,Rua
4995,Rua
4996,Rua
4997,Rua
4998,Rua
4999,Rua
5000,Rua
5001,Rua
5002,Rua
5003,Rua
5004,Rua
5005,Rua
5006,Rua
5007,Rua
5008,Rua
5009,Rua
5010,Rua
5011,Rua
5012,Rua
5013,Rua
5014,Rua
5015,Rua
5016,Rua
5017,Rua
5018,Rua
5019,Rua
5020,Rua
5021,Rua
5022,Rua
5023,Rua
5024,Rua
5025,Rua
5026,Rua
5027,Rua
5028,Rua
5029,Rua
5030,Rua
5031,Rua
5032,Rua
5033,Rua
5034,Rua
5035,Rua
5036,Rua
5037,Rua
5038,Rua
5039,Rua
5040,Rua
5041,Rua
5042,Rua
5043,Rua
5044,Rua
5045,Rua
5046,Rua
5047,Rua
5048,Rua
5049,Rua
5050,Rua
5051,Rua
5052,Rua
5053,Rua
5054,Rua
5055,Rua
5056,Rua
5057,Rua
5058,Rua
5059,Rua
5060,Rua
5061,Rua
5062,Rua
5063,Rua
5064,Rua
5065,Rua
5066,Rua
5067,Rua
5068,Rua
5069,Rua
5070,Rua
5071,Rua
5072,Rua
5073,Rua
5074,Rua
5075,Rua
5076,Rua
5077,Rua
5078,Rua
5079,Rua
5080,Rua
5081,Rua
5082,Rua
5083,Rua
5084,Rua
5085,Rua
5086,Rua
5087,Rua
5088,Rua
5089,Rua
5090,Rua
5091,Rua
5092,Rua
5093,Rua
5094,Rua
5095,Rua
5096,Rua
5097,Rua
5098,Rua
5099,Rua
5100,Rua
5101,Rua
5102,Rua
5103,Rua
5104,Rua
5105,Rua
5106,Rua
5107,Rua
5108,Rua
5109,Rua
5110,Rua
5111,Rua
5112,Rua
5113,Rua
5114,Rua
5115,Rua
5116,Rua
5117,Rua
5118,Rua
5119,Rua
5120,Rua
5121,Rua
5122,Rua
5123,Rua
5124,Rua
5125,Rua
5126,Rua
5127,Rua
5128,Rua
5129,Rua
5130,Rua
5131,Rua
5132,Rua
5133,Rua
5134,Rua
5135,Rua
5136,Rua
5137,Rua
5138,Rua
5139,Rua
5140,Rua
5141,Rua
5142,Rua
5143,Rua
5144,Rua
5145,Rua
5146,Rua
5147,Rua
5148,Rua
5149,Rua
5150,Rua
5151,Rua
5152,Rua
5153,Rua
5154,Rua
5155,Rua
5156,Rua
5157,Rua
5158,Rua
5159,Rua
5160,Rua
5161,Rua
5162,Rua
5163,Rua
5164,Rua
5165,Rua
5166,Rua
5167,Rua
5168,Rua
5169,Rua
5170,Rua
5171,Rua
5172,Rua
5173,Rua
5174,Rua
5175,Rua
5176,Rua
5177,Rua
5178,Rua
5179,Rua
5180,Rua
5181,Rua
5182,Rua
5183,Rua
5184,Rua
5185,Rua
5186,Rua
5187,Rua
5188,Rua
5189,Rua
5190,Rua
5191,Rua
5192,Rua
5193,Rua
5194,Rua
5195,Rua
5196,Rua
5197,Rua
5198,Rua
5199,Rua
5200,Rua
5201,Rua
5202,Rua
5203,Rua
5204,Rua
5205,Rua
5206,Rua
5207,Rua
5208,Rua
5209,Rua
5210,Rua
5211,Rua
5212,Rua
5213,Rua
5214,Rua
5215,Rua
5216,Rua
5217,Rua
5218,Rua
5219,Rua
5220,Rua
5221,Rua
5222,Rua
5223,Rua
5224,Rua
5225,Rua
5226,Rua
5227,Rua
5228,Rua
5229,Rua
5230,Rua
5231,Rua
5232,Rua
5233,Rua
5234,Rua
5235,Rua
5236,Rua
5237,Rua
5238,Rua
5239,Rua
5240,Rua
5241,Rua
5242,Rua
5243,Rua
5244,Rua
5245,Rua
5246,Rua
5247,Rua
5248,Rua
5249,Rua
5250,Rua
5251,Rua
5252,Rua
5253,Rua
5254,Rua
5255,Rua
5256,Rua
5257,Rua
5258,Rua
5259,Rua
5260,Rua
5261,Rua
5262,Rua
5263,Rua
5264,Rua
5265,Rua
5266,Rua
5267,Rua
5268,Rua
5269,Rua
5270,Rua
5271,Rua
5272,Rua
5273,Rua
5274,Rua
5275,Rua
5276,Rua
5277,Rua
5278,Rua
5279,Rua
5280,Rua
5281,Rua
5282,Rua
5283,Rua
5284,Rua
5285,Rua
5286,Rua
5287,Rua
5288,Rua
5289,Rua
5290,Rua
5291,Rua
5292,Rua
5293,Rua
5294,Rua
5295,Rua
5296,Rua
5297,Rua
5298,Rua
5299,Rua
5300,Rua
5301,Rua
5302,Rua
5303,Rua
5304,Rua
5305,Rua
5306,Rua
5307,Rua
5308,Rua
5309,Rua
5310,Rua
5311,Rua
5312,Rua
5313,Rua
5314,Rua
5315,Rua
5316,Rua
5317,Rua
5318,Rua
5319,Rua
5320,Rua
5321,Rua
5322,Rua
5323,Rua
5324,Rua
5325,Rua
5326,Rua
5327,Rua
5328,Rua
5329,Rua
5330,Rua
5331,Rua
5332,Rua
5333,Rua
5334,Rua
5335,Rua
5336,Rua
5337,Rua
5338,Rua
5339,Rua
5340,Rua
5341,Rua
5342,Rua
5343,Rua
5344,Rua
5345,Rua
5346,Rua
5347,Rua
5348,Rua
5349,Rua
5350,Rua
5351,Rua
5352,Rua
5353,Rua
5354,Rua
5355,Rua
5356,Rua
5357,Rua
5358,Rua
5359,Rua
5360,Rua
5361,Rua
5362,Rua
5363,Rua
5364,Rua
5365,Rua
5366,Rua
5367,Rua
5368,Rua
5369,Rua
5370,Rua
5371,Rua
5372,Rua
5373,Rua
5374,Rua
5375,Rua
5376,Rua
5377,Rua
5378,Rua
5379,Rua
5380,Rua
5381,Rua
5382,Rua
5383,Rua
5384,Rua
5385,Rua
5386,Rua
5387,Rua
5388,Rua
5389,Rua
5390,Rua
5391,Rua
5392,Rua
5393,Rua
5394,Rua
5395,Rua
5396,Rua
5397,Rua
5398,Rua
5399,Rua
5400,Rua
5401,Rua
5402,Rua
5403,Rua
5404,Rua
5405,Rua
5406,Rua
5407,Rua
5408,Rua
5409,Rua
5410,Rua
5411,Rua
5412,Rua
5413,Rua
5414,Rua
5415,Rua
5416,Rua
5417,Rua
5418,Rua
5419,Rua
5420,Rua
5421,Rua
5422,Rua
5423,Rua
5424,Rua
5425,Rua
5426,Rua
5427,Rua
5428,Rua
5429,Rua
5430,Rua
5431,Rua
5432,Rua
5433,Rua
5434,Rua
5435,Acolhidos
5436,Acolhidos
5437,Acolhidos
5438,Acolhidos
5439,Acolhidos
5440,Acolhidos
5441,Acolhidos
5442,Acolhidos
5443,Acolhidos
5444,Acolhidos
5445,Acolhidos
5446,Acolhidos
5447,Acolhidos
5448,Acolhidos
5449,Acolhidos
5450,Acolhidos
5451,Acolhidos
5452,Acolhidos
5453,Acolhidos
5454,Acolhidos
5455,Acolhidos
5456,Acolhidos
5457,Acolhidos
5458,Acolhidos
5459,Acolhidos
5460,Acolhidos
5461,Acolhidos
5462,Acolhidos
5463,Acolhidos
5464,Acolhidos
5465,Acolhidos
5466,Acolhidos
5467,Acolhidos
5468,Acolhidos
5469,Acolhidos
5470,Acolhidos
5471,Acolhidos
5472,Acolhidos
5473,Acolhidos
5474,Acolhidos
5475,Acolhidos
5476,Acolhidos
5477,Acolhidos
5478,Acolhidos
5479,Acolhidos
5480,Acolhidos
5481,Acolhidos
5482,Acolhidos
5483,Acolhidos
5484,Acolhidos
5485,Acolhidos
5486,Acolhidos
5487,Acolhidos
5488,Acolhidos
5489,Acolhidos
5490,Acolhidos
5491,Acolhidos
5492,Acolhidos
5493,Acolhidos
5494,Acolhidos
5495,Acolhidos
5496,Acolhidos
5497,Acolhidos
5498,Acolhidos
5499,Acolhidos
5500,Acolhidos
5501,Acolhidos
5502,Acolhidos
5503,Acolhidos
5504,Acolhidos
5505,Acolhidos
5506,Acolhidos
5507,Acolhidos
5508,Acolhidos
5509,Acolhidos
5510,Acolhidos
5511,Acolhidos
5512,Acolhidos
5513,Acolhidos
5514,Acolhidos
5515,Acolhidos
5516,Acolhidos
5517,Acolhidos
5518,Acolhidos
5519,Acolhidos
5520,Acolhidos
5521,Acolhidos
5522,Acolhidos
5523,Acolhidos
5524,Acolhidos
5525,Acolhidos
5526,Acolhidos
5527,Acolhidos
5528,Acolhidos
5529,Acolhidos
5530,Acolhidos
5531,Acolhidos
5532,Acolhidos
5533,Acolhidos
5534,Acolhidos
5535,Acolhidos
5536,Acolhidos
5537,Acolhidos
5538,Acolhidos
5539,Acolhidos
5540,Acolhidos
5541,Acolhidos
5542,Acolhidos
5543,Acolhidos
5544,Acolhidos
5545,Acolhidos
5546,Acolhidos
5547,Acolhidos
5548,Acolhidos
5549,Acolhidos
5550,Acolhidos
5551,Acolhidos
5552,Acolhidos
5553,Acolhidos
5554,Acolhidos
5555,Acolhidos
5556,Acolhidos
5557,Acolhidos
5558,Acolhidos
5559,Acolhidos
5560,Acolhidos
5561,Acolhidos
5562,Acolhidos
5563,Acolhidos
5564,Acolhidos
5565,Acolhidos
5566,Acolhidos
5567,Acolhidos
5568,Acolhidos
5569,Acolhidos
5570,Acolhidos
5571,Acolhidos
5572,Acolhidos
5573,Acolhidos
5574,Acolhidos
5575,Acolhidos
5576,Acolhidos
5577,Acolhidos
5578,Acolhidos
5579,Acolhidos
5580,Acolhidos
5581,Acolhidos
5582,Acolhidos
5583,Acolhidos
5584,Acolhidos
5585,Acolhidos
5586,Acolhidos
5587,Acolhidos
5588,Acolhidos
5589,Acolhidos
5590,Acolhidos
5591,Acolhidos
5592,Acolhidos
5593,Acolhidos
5594,Acolhidos
5595,Acolhidos
5596,Acolhidos
5597,Acolhidos
5598,Acolhidos
5599,Acolhidos
5600,Acolhidos
5601,Acolhidos
5602,Acolhidos
5603,Acolhidos
5604,Acolhidos
5605,Acolhidos
5606,Acolhidos
5607,Acolhidos
5608,Acolhidos
5609,Acolhidos
5610,Acolhidos
5611,Acolhidos
5612,Acolhidos
5613,Acolhidos
5614,Acolhidos
5615,Acolhidos
5616,Acolhidos
5617,Acolhidos
5618,Acolhidos
5619,Acolhidos
5620,Acolhidos
5621,Acolhidos
5622,Acolhidos
5623,Acolhidos
5624,Acolhidos
5625,Acolhidos
5626,Acolhidos
5627,Acolhidos
5628,Acolhidos
5629,Acolhidos
5630,Acolhidos
5631,Acolhidos
5632,Acolhidos
5633,Acolhidos
5634,Acolhidos
5635,Acolhidos
5636,Acolhidos
5637,Acolhidos
5638,Acolhidos
5639,Acolhidos
5640,Acolhidos
5641,Acolhidos
5642,Acolhidos
5643,Acolhidos
5644,Acolhidos
5645,Acolhidos
5646,Acolhidos
5647,Acolhidos
5648,Acolhidos
5649,Acolhidos
5650,Acolhidos
5651,Acolhidos
5652,Acolhidos
5653,Acolhidos
5654,Acolhidos
5655,Acolhidos
5656,Acolhidos
5657,Acolhidos
5658,Acolhidos
5659,Acolhidos
5660,Acolhidos
5661,Acolhidos
5662,Acolhidos
5663,Acolhidos
5664,Acolhidos
5665,Acolhidos
5666,Acolhidos
5667,Acolhidos
5668,Acolhidos
5669,Acolhidos
5670,Acolhidos
5671,Acolhidos
5672,Acolhidos
5673,Acolhidos
5674,Acolhidos
5675,Acolhidos
5676,Acolhidos
5677,Acolhidos
5678,Acolhidos
5679,Acolhidos
5680,Acolhidos
5681,Acolhidos
5682,Acolhidos
5683,Acolhidos
5684,Acolhidos
5685,Acolhidos
5686,Acolhidos
5687,Acolhidos
5688,Acolhidos
5689,Acolhidos
5690,Acolhidos
5691,Acolhidos
5692,Acolhidos
5693,Acolhidos
5694,Acolhidos
5695,Acolhidos
5696,Acolhidos
5697,Acolhidos
5698,Acolhidos
5699,Acolhidos
5700,Acolhidos
5701,Acolhidos
5702,Acolhidos
5703,Acolhidos
5704,Acolhidos
5705,Acolhidos
5706,Acolhidos
5707,Acolhidos
5708,Acolhidos
5709,Acolhidos
5710,Acolhidos
5711,Acolhidos
5712,Acolhidos
5713,Acolhidos
5714,Acolhidos
5715,Acolhidos
5716,Acolhidos
5717,Acolhidos
5718,Acolhidos
5719,Acolhidos
5720,Acolhidos
5721,Acolhidos
5722,Acolhidos
5723,Acolhidos
5724,Acolhidos
5725,Acolhidos
5726,Acolhidos
5727,Acolhidos
5728,Acolhidos
5729,Acolhidos
5730,Acolhidos
5731,Acolhidos
5732,Acolhidos
5733,Acolhidos
5734,Acolhidos
5735,Acolhidos
5736,Acolhidos
5737,Acolhidos
5738,Acolhidos
5739,Acolhidos
5740,Acolhidos
5741,Acolhidos
5742,Acolhidos
5743,Acolhidos
5744,Acolhidos
5745,Acolhidos
5746,Acolhidos
5747,Acolhidos
5748,Acolhidos
5749,Acolhidos
5750,Acolhidos
5751,Acolhidos
5752,Acolhidos
5753,Acolhidos
5754,Acolhidos
5755,Acolhidos
5756,Acolhidos
5757,Acolhidos
5758,Acolhidos
5759,Acolhidos
5760,Acolhidos
5761,Acolhidos
5762,Acolhidos
5763,Acolhidos
5764,Acolhidos
5765,Acolhidos
5766,Acolhidos
5767,Acolhidos
5768,Acolhidos
5769,Acolhidos
5770,Acolhidos
5771,Acolhidos
5772,Acolhidos
5773,Acolhidos
5774,Acolhidos
5775,Acolhidos
5776,Acolhidos
5777,Acolhidos
5778,Acolhidos
5779,Acolhidos
5780,Acolhidos
5781,Acolhidos
5782,Acolhidos
5783,Acolhidos
5784,Acolhidos
5785,Acolhidos
5786,Acolhidos
5787,Acolhidos
5788,Acolhidos
5789,Acolhidos
5790,Acolhidos
5791,Acolhidos
5792,Acolhidos
5793,Acolhidos
5794,Acolhidos
5795,Acolhidos
5796,Acolhidos
5797,Acolhidos
5798,Acolhidos
5799,Acolhidos
5800,Acolhidos
5801,Acolhidos
5802,Acolhidos
5803,Acolhidos
5804,Acolhidos
5805,Acolhidos
5806,Acolhidos
5807,Acolhidos
5808,Acolhidos
5809,Acolhidos
5810,Acolhidos
5811,Acolhidos
5812,Acolhidos
5813,Acolhidos
5814,Acolhidos
5815,Acolhidos
5816,Acolhidos
5817,Acolhidos
5818,Acolhidos
5819,Acolhidos
5820,Acolhidos
5821,Acolhidos
5822,Acolhidos
5823,Acolhidos
5824,Acolhidos
5825,Acolhidos
5826,Acolhidos
5827,Acolhidos
5828,Acolhidos
5829,Acolhidos
5830,Acolhidos
5831,Acolhidos
5832,Acolhidos
5833,Acolhidos
5834,Acolhidos
5835,Acolhidos
5836,Acolhidos
5837,Acolhidos
5838,Acolhidos
5839,Acolhidos
5840,Acolhidos
5841,Acolhidos
5842,Acolhidos
5843,Acolhidos
5844,Acolhidos
5845,Acolhidos
5846,Acolhidos
5847,Acolhidos
5848,Acolhidos
5849,Acolhidos
5850,Acolhidos
5851,Acolhidos
5852,Acolhidos
5853,Acolhidos
5854,Acolhidos
5855,Acolhidos
5856,Acolhidos
5857,Acolhidos
5858,Acolhidos
5859,Acolhidos
5860,Acolhidos
5861,Acolhidos
5862,Acolhidos
5863,Acolhidos
5864,Acolhidos
5865,Acolhidos
5866,Acolhidos
5867,Acolhidos
5868,Acolhidos
5869,Acolhidos
5870,Acolhidos
5871,Acolhidos
5872,Acolhidos
5873,Acolhidos
5874,Acolhidos
5875,Acolhidos
5876,Acolhidos
5877,Acolhidos
5878,Acolhidos
5879,Acolhidos
5880,Acolhidos
5881,Acolhidos
5882,Acolhidos
5883,Acolhidos
5884,Acolhidos
5885,Acolhidos
5886,Acolhidos
5887,Acolhidos
5888,Acolhidos
5889,Acolhidos
5890,Acolhidos
5891,Acolhidos
5892,Acolhidos
5893,Acolhidos
5894,Acolhidos
5895,Acolhidos
5896,Acolhidos
5897,Acolhidos
5898,Acolhidos
5899,Acolhidos
5900,Acolhidos
5901,Acolhidos
5902,Acolhidos
5903,Acolhidos
5904,Acolhidos
5905,Acolhidos
5906,Acolhidos
5907,Acolhidos
5908,Acolhidos
5909,Acolhidos
5910,Acolhidos
5911,Acolhidos
5912,Acolhidos
5913,Acolhidos
5914,Acolhidos
5915,Acolhidos
5916,Acolhidos
5917,Acolhidos
5918,Acolhidos
5919,Acolhidos
5920,Acolhidos
5921,Acolhidos
5922,Acolhidos
5923,Acolhidos
5924,Acolhidos
5925,Acolhidos
5926,Acolhidos
5927,Acolhidos
5928,Acolhidos
5929,Acolhidos
5930,Acolhidos
5931,Acolhidos
5932,Acolhidos
5933,Acolhidos
5934,Acolhidos
5935,Acolhidos
5936,Acolhidos
5937,Acolhidos
5938,Acolhidos
5939,Acolhidos
5940,Acolhidos
5941,Acolhidos
5942,Acolhidos
5943,Acolhidos
5944,Acolhidos
5945,Acolhidos
5946,Acolhidos
5947,Acolhidos
5948,Acolhidos
5949,Acolhidos
5950,Acolhidos
5951,Acolhidos
5952,Acolhidos
5953,Acolhidos
5954,Acolhidos
5955,Acolhidos
5956,Acolhidos
5957,Acolhidos
5958,Acolhidos
5959,Acolhidos
5960,Acolhidos
5961,Acolhidos
5962,Acolhidos
5963,Acolhidos
5964,Acolhidos
5965,Acolhidos
5966,Acolhidos
5967,Acolhidos
5968,Acolhidos
5969,Acolhidos
5970,Acolhidos
5971,Acolhidos
5972,Acolhidos
5973,Acolhidos
5974,Acolhidos
5975,Acolhidos
5976,Acolhidos
5977,Acolhidos
5978,Acolhidos
5979,Acolhidos
5980,Acolhidos
5981,Acolhidos
5982,Acolhidos
5983,Acolhidos
5984,Acolhidos
5985,Acolhidos
5986,Acolhidos
5987,Acolhidos
5988,Acolhidos
5989,Acolhidos
5990,Acolhidos
5991,Acolhidos
5992,Acolhidos
5993,Acolhidos
5994,Acolhidos
5995,Acolhidos
5996,Acolhidos
5997,Acolhidos
5998,Acolhidos
5999,Acolhidos
6000,Acolhidos
6001,Acolhidos
6002,Acolhidos
6003,Acolhidos
6004,Acolhidos
6005,Acolhidos
6006,Acolhidos
6007,Acolhidos
6008,Acolhidos
6009,Acolhidos
6010,Acolhidos
6011,Acolhidos
6012,Acolhidos
6013,Acolhidos
6014,Acolhidos
6015,Acolhidos
6016,Acolhidos
6017,Acolhidos
6018,Acolhidos
6019,Acolhidos
6020,Acolhidos
6021,Acolhidos
6022,Acolhidos
6023,Acolhidos
6024,Acolhidos
6025,Acolhidos
6026,Acolhidos
6027,Acolhidos
6028,Acolhidos
6029,Acolhidos
6030,Acolhidos
6031,Acolhidos
6032,Acolhidos
6033,Acolhidos
6034,Acolhidos
6035,Acolhidos
6036,Acolhidos
6037,Acolhidos
6038,Acolhidos
6039,Acolhidos
6040,Acolhidos
6041,Acolhidos
6042,Acolhidos
6043,Acolhidos
6044,Acolhidos
6045,Acolhidos
6046,Acolhidos
6047,Acolhidos
6048,Acolhidos
6049,Acolhidos
6050,Acolhidos
6051,Acolhidos
6052,Acolhidos
6053,Acolhidos
6054,Acolhidos
6055,Acolhidos
6056,Acolhidos
6057,Acolhidos
6058,Acolhidos
6059,Acolhidos
6060,Acolhidos
6061,Acolhidos
6062,Acolhidos
6063,Acolhidos
6064,Acolhidos
6065,Acolhidos
6066,Acolhidos
6067,Acolhidos
6068,Acolhidos
6069,Acolhidos
6070,Acolhidos
6071,Acolhidos
6072,Acolhidos
6073,Acolhidos
6074,Acolhidos
6075,Acolhidos
6076,Acolhidos
6077,Acolhidos
6078,Acolhidos
6079,Acolhidos
6080,Acolhidos
6081,Acolhidos
6082,Acolhidos
6083,Acolhidos
6084,Acolhidos
6085,Acolhidos
6086,Acolhidos
6087,Acolhidos
6088,Acolhidos
6089,Acolhidos
6090,Acolhidos
6091,Acolhidos
6092,Acolhidos
6093,Acolhidos
6094,Acolhidos
6095,Acolhidos
6096,Acolhidos
6097,Acolhidos
6098,Acolhidos
6099,Acolhidos
6100,Acolhidos
6101,Acolhidos
6102,Acolhidos
6103,Acolhidos
6104,Acolhidos
6105,Acolhidos
6106,Acolhidos
6107,Acolhidos
6108,Acolhidos
6109,Acolhidos
6110,Acolhidos
6111,Acolhidos
6112,Acolhidos
6113,Acolhidos
6114,Acolhidos
6115,Acolhidos
6116,Acolhidos
6117,Acolhidos
6118,Acolhidos
6119,Acolhidos
6120,Acolhidos
6121,Acolhidos
6122,Acolhidos
6123,Acolhidos
6124,Acolhidos
6125,Acolhidos
6126,Acolhidos
6127,Acolhidos
6128,Acolhidos
6129,Acolhidos
6130,Acolhidos
6131,Acolhidos
6132,Acolhidos
6133,Acolhidos
6134,Acolhidos
6135,Acolhidos
6136,Acolhidos
6137,Acolhidos
6138,Acolhidos
6139,Acolhidos
6140,Acolhidos
6141,Acolhidos
6142,Acolhidos
6143,Acolhidos
6144,Acolhidos
6145,Acolhidos
6146,Acolhidos
6147,Acolhidos
6148,Acolhidos
6149,Acolhidos
6150,Acolhidos
6151,Acolhidos
6152,Acolhidos
6153,Acolhidos
6154,Acolhidos
6155,Acolhidos
6156,Acolhidos
6157,Acolhidos
6158,Acolhidos
6159,Acolhidos
6160,Acolhidos
6161,Acolhidos
6162,Acolhidos
6163,Acolhidos
6164,Acolhidos
6165,Acolhidos
6166,Acolhidos
6167,Acolhidos
6168,Acolhidos
6169,Acolhidos
6170,Acolhidos
6171,Acolhidos
6172,Acolhidos
6173,Acolhidos
6174,Acolhidos
6175,Acolhidos
6176,Acolhidos
6177,Acolhidos
6178,Acolhidos
6179,Acolhidos
6180,Acolhidos
6181,Acolhidos
6182,Acolhidos
6183,Acolhidos
6184,Acolhidos
6185,Acolhidos
6186,Acolhidos
6187,Acolhidos
6188,Acolhidos
6189,Acolhidos
6190,Acolhidos
6191,Acolhidos
6192,Acolhidos
6193,Acolhidos
6194,Acolhidos
6195,Acolhidos
6196,Acolhidos
6197,Acolhidos
6198,Acolhidos
6199,Acolhidos
6200,Acolhidos
6201,Acolhidos
6202,Acolhidos
6203,Acolhidos
6204,Acolhidos
6205,Acolhidos
6206,Acolhidos
6207,Acolhidos
6208,Acolhidos
6209,Acolhidos
6210,Acolhidos
6211,Acolhidos
6212,Acolhidos
6213,Acolhidos
6214,Acolhidos
6215,Acolhidos
6216,Acolhidos
6217,Acolhidos
6218,Acolhidos
6219,Acolhidos
6220,Acolhidos
6221,Acolhidos
6222,Acolhidos
6223,Acolhidos
6224,Acolhidos
6225,Acolhidos
6226,Acolhidos
6227,Acolhidos
6228,Acolhidos
6229,Acolhidos
6230,Acolhidos
6231,Acolhidos
6232,Acolhidos
6233,Acolhidos
6234,Acolhidos
6235,Acolhidos
6236,Acolhidos
6237,Acolhidos
6238,Acolhidos
6239,Acolhidos
6240,Acolhidos
6241,Acolhidos
6242,Acolhidos
6243,Acolhidos
6244,Acolhidos
6245,Acolhidos
6246,Acolhidos
6247,Acolhidos
6248,Acolhidos
6249,Acolhidos
6250,Acolhidos
6251,Acolhidos
6252,Acolhidos
6253,Acolhidos
6254,Acolhidos
6255,Acolhidos
6256,Acolhidos
6257,Acolhidos
6258,Acolhidos
6259,Acolhidos
6260,Acolhidos
6261,Acolhidos
6262,Acolhidos
6263,Acolhidos
6264,Acolhidos
6265,Acolhidos
6266,Acolhidos
6267,Acolhidos
6268,Acolhidos
6269,Acolhidos
6270,Acolhidos
6271,Acolhidos
6272,Acolhidos
6273,Acolhidos
6274,Acolhidos
6275,Acolhidos
6276,Acolhidos
6277,Acolhidos
6278,Acolhidos
6279,Acolhidos
6280,Acolhidos
6281,Acolhidos
6282,Acolhidos
6283,Acolhidos
6284,Acolhidos
6285,Acolhidos
6286,Acolhidos
6287,Acolhidos
6288,Acolhidos
6289,Acolhidos
6290,Acolhidos
6291,Acolhidos
6292,Acolhidos
6293,Acolhidos
6294,Acolhidos
6295,Acolhidos
6296,Acolhidos
6297,Acolhidos
6298,Acolhidos
6299,Acolhidos
6300,Acolhidos
6301,Acolhidos
6302,Acolhidos
6303,Acolhidos
6304,Acolhidos
6305,Acolhidos
6306,Acolhidos
6307,Acolhidos
6308,Acolhidos
6309,Acolhidos
6310,Acolhidos
6311,Acolhidos
6312,Acolhidos
6313,Acolhidos
6314,Acolhidos
6315,Acolhidos
6316,Acolhidos
6317,Acolhidos
6318,Acolhidos
6319,Acolhidos
6320,Acolhidos
6321,Acolhidos
6322,Acolhidos
6323,Acolhidos
6324,Acolhidos
6325,Acolhidos
6326,Acolhidos
6327,Acolhidos
6328,Acolhidos
6329,Acolhidos
6330,Acolhidos
6331,Acolhidos
6332,Acolhidos
6333,Acolhidos
6334,Acolhidos
6335,Acolhidos
6336,Acolhidos
6337,Acolhidos
6338,Acolhidos
6339,Acolhidos
6340,Acolhidos
6341,Acolhidos
6342,Acolhidos
6343,Acolhidos
6344,Acolhidos
6345,Acolhidos
6346,Acolhidos
6347,Acolhidos
6348,Acolhidos
6349,Acolhidos
6350,Acolhidos
6351,Acolhidos
6352,Acolhidos
6353,Acolhidos
6354,Acolhidos
6355,Acolhidos
6356,Acolhidos
6357,Acolhidos
6358,Acolhidos
6359,Acolhidos
6360,Acolhidos
6361,Acolhidos
6362,Acolhidos
6363,Acolhidos
6364,Acolhidos
6365,Acolhidos
6366,Acolhidos
6367,Acolhidos
6368,Acolhidos
6369,Acolhidos
6370,Acolhidos
6371,Acolhidos
6372,Acolhidos
6373,Acolhidos
6374,Acolhidos
6375,Acolhidos
6376,Acolhidos
6377,Acolhidos
6378,Acolhidos
6379,Acolhidos
6380,Acolhidos
6381,Acolhidos
6382,Acolhidos
6383,Acolhidos
6384,Acolhidos
6385,Acolhidos
6386,Acolhidos
6387,Acolhidos
6388,Acolhidos
6389,Acolhidos
6390,Acolhidos
6391,Acolhidos
6392,Acolhidos
6393,Acolhidos
6394,Acolhidos
6395,Acolhidos
6396,Acolhidos
6397,Acolhidos
6398,Acolhidos
6399,Acolhidos
6400,Acolhidos
6401,Acolhidos
6402,Acolhidos
6403,Acolhidos
6404,Acolhidos
6405,Acolhidos
6406,Acolhidos
6407,Acolhidos
6408,Acolhidos
6409,Acolhidos
6410,Acolhidos
6411,Acolhidos
6412,Acolhidos
6413,Acolhidos
6414,Acolhidos
6415,Acolhidos
6416,Acolhidos
6417,Acolhidos
6418,Acolhidos
6419,Acolhidos
6420,Acolhidos
6421,Acolhidos
6422,Acolhidos
6423,Acolhidos
6424,Acolhidos
6425,Acolhidos
6426,Acolhidos
6427,Acolhidos
6428,Acolhidos
6429,Acolhidos
6430,Acolhidos
6431,Acolhidos
6432,Acolhidos
6433,Acolhidos
6434,Acolhidos
6435,Acolhidos
6436,Acolhidos
6437,Acolhidos
6438,Acolhidos
6439,Acolhidos
6440,Acolhidos
6441,Acolhidos
6442,Acolhidos
6443,Acolhidos
6444,Acolhidos
6445,Acolhidos
6446,Acolhidos
6447,Acolhidos
6448,Acolhidos
6449,Acolhidos
6450,Acolhidos
6451,Acolhidos
6452,Acolhidos
6453,Acolhidos
6454,Acolhidos
6455,Acolhidos
6456,Acolhidos
6457,Acolhidos
6458,Acolhidos
6459,Acolhidos
6460,Acolhidos
6461,Acolhidos
6462,Acolhidos
6463,Acolhidos
6464,Acolhidos
6465,Acolhidos
6466,Acolhidos
6467,Acolhidos
6468,Acolhidos
6469,Acolhidos
6470,Acolhidos
6471,Acolhidos
6472,Acolhidos
6473,Acolhidos
6474,Acolhidos
6475,Acolhidos
6476,Acolhidos
6477,Acolhidos
6478,Acolhidos
6479,Acolhidos
6480,Acolhidos
6481,Acolhidos
6482,Acolhidos
6483,Acolhidos
6484,Acolhidos
6485,Acolhidos
6486,Acolhidos
6487,Acolhidos
6488,Acolhidos
6489,Acolhidos
6490,Acolhidos
6491,Acolhidos
6492,Acolhidos
6493,Acolhidos
6494,Acolhidos
6495,Acolhidos
6496,Acolhidos
6497,Acolhidos
6498,Acolhidos
6499,Acolhidos
6500,Acolhidos
6501,Acolhidos
6502,Acolhidos
6503,Acolhidos
6504,Acolhidos
6505,Acolhidos
6506,Acolhidos
6507,Acolhidos
6508,Acolhidos
6509,Acolhidos
6510,Acolhidos
6511,Acolhidos
6512,Acolhidos
6513,Acolhidos
6514,Acolhidos
6515,Acolhidos
6516,Acolhidos
6517,Acolhidos
6518,Acolhidos
6519,Acolhidos
6520,Acolhidos
6521,Acolhidos
6522,Acolhidos
6523,Acolhidos
6524,Acolhidos
6525,Acolhidos
6526,Acolhidos
6527,Acolhidos
6528,Acolhidos
6529,Acolhidos
6530,Acolhidos
6531,Acolhidos
6532,Acolhidos
6533,Acolhidos
6534,Acolhidos
6535,Acolhidos
6536,Acolhidos
6537,Acolhidos
6538,Acolhidos
6539,Acolhidos
6540,Acolhidos
6541,Acolhidos
6542,Acolhidos
6543,Acolhidos
6544,Acolhidos
6545,Acolhidos
6546,Acolhidos
6547,Acolhidos
6548,Acolhidos
6549,Acolhidos
6550,Acolhidos
6551,Acolhidos
6552,Acolhidos
6553,Acolhidos
6554,Acolhidos
6555,Acolhidos
6556,Acolhidos
6557,Acolhidos
6558,Acolhidos
6559,Acolhidos
6560,Acolhidos
6561,Acolhidos
6562,Acolhidos
6563,Acolhidos
6564,Acolhidos
6565,Acolhidos
6566,Acolhidos
6567,Acolhidos
6568,Acolhidos
6569,Acolhidos
6570,Acolhidos
6571,Acolhidos
6572,Acolhidos
6573,Acolhidos
6574,Acolhidos
6575,Acolhidos
6576,Acolhidos
6577,Acolhidos
6578,Acolhidos
6579,Acolhidos
6580,Acolhidos
6581,Acolhidos
6582,Acolhidos
6583,Acolhidos
6584,Acolhidos
6585,Acolhidos
6586,Acolhidos
6587,Acolhidos
6588,Acolhidos
6589,Acolhidos
6590,Acolhidos
6591,Acolhidos
6592,Acolhidos
6593,Acolhidos
6594,Acolhidos
6595,Acolhidos
6596,Acolhidos
6597,Acolhidos
6598,Acolhidos
6599,Acolhidos
6600,Acolhidos
6601,Acolhidos
6602,Acolhidos
6603,Acolhidos
6604,Acolhidos
6605,Acolhidos
6606,Acolhidos
6607,Acolhidos
6608,Acolhidos
6609,Acolhidos
6610,Acolhidos
6611,Acolhidos
6612,Acolhidos
6613,Acolhidos
6614,Acolhidos
6615,Acolhidos
6616,Acolhidos
6617,Acolhidos
6618,Acolhidos
6619,Acolhidos
6620,Acolhidos
6621,Acolhidos
6622,Acolhidos
6623,Acolhidos
6624,Acolhidos
6625,Acolhidos
6626,Acolhidos
6627,Acolhidos
6628,Acolhidos
6629,Acolhidos
6630,Acolhidos
6631,Acolhidos
6632,Acolhidos
6633,Acolhidos
6634,Acolhidos
6635,Acolhidos
6636,Acolhidos
6637,Acolhidos
6638,Acolhidos
6639,Acolhidos
6640,Acolhidos
6641,Acolhidos
6642,Acolhidos
6643,Acolhidos
6644,Acolhidos
6645,Acolhidos
6646,Acolhidos
6647,Acolhidos
6648,Acolhidos
6649,Acolhidos
6650,Acolhidos
6651,Acolhidos
6652,Acolhidos
6653,Acolhidos
6654,Acolhidos
6655,Acolhidos
6656,Acolhidos
6657,Acolhidos
6658,Acolhidos
6659,Acolhidos
6660,Acolhidos
6661,Acolhidos
6662,Acolhidos
6663,Acolhidos
6664,Acolhidos
6665,Acolhidos
6666,Acolhidos
6667,Acolhidos
6668,Acolhidos
6669,Acolhidos
6670,Acolhidos
6671,Acolhidos
6672,Acolhidos
6673,Acolhidos
6674,Acolhidos
6675,Acolhidos
6676,Acolhidos
6677,Acolhidos
6678,Acolhidos
6679,Acolhidos
6680,Acolhidos
6681,Acolhidos
6682,Acolhidos
6683,Acolhidos
6684,Acolhidos
6685,Acolhidos
6686,Acolhidos
6687,Acolhidos
6688,Acolhidos
6689,Acolhidos
6690,Acolhidos
6691,Acolhidos
6692,Acolhidos
6693,Acolhidos
6694,Acolhidos
6695,Acolhidos
6696,Acolhidos
6697,Acolhidos
6698,Acolhidos
6699,Acolhidos
6700,Acolhidos
6701,Acolhidos
6702,Acolhidos
6703,Acolhidos
6704,Acolhidos
6705,Acolhidos
6706,Acolhidos
6707,Acolhidos
6708,Acolhidos
6709,Acolhidos
6710,Acolhidos
6711,Acolhidos
6712,Acolhidos
6713,Acolhidos
6714,Acolhidos
6715,Acolhidos
6716,Acolhidos
6717,Acolhidos
6718,Acolhidos
6719,Acolhidos
6720,Acolhidos
6721,Acolhidos
6722,Acolhidos
6723,Acolhidos
6724,Acolhidos
6725,Acolhidos
6726,Acolhidos
6727,Acolhidos
6728,Acolhidos
6729,Acolhidos
6730,Acolhidos
6731,Acolhidos
6732,Acolhidos
6733,Acolhidos
6734,Acolhidos
6735,Acolhidos
6736,Acolhidos
6737,Acolhidos
6738,Acolhidos
6739,Acolhidos
6740,Acolhidos
6741,Acolhidos
6742,Acolhidos
6743,Acolhidos
6744,Acolhidos
6745,Acolhidos
6746,Acolhidos
6747,Acolhidos
6748,Acolhidos
6749,Acolhidos
6750,Acolhidos
6751,Acolhidos
6752,Acolhidos
6753,Acolhidos
6754,Acolhidos
6755,Acolhidos
6756,Acolhidos
6757,Acolhidos
6758,Acolhidos
6759,Acolhidos
6760,Acolhidos
6761,Acolhidos
6762,Acolhidos
6763,Acolhidos
6764,Acolhidos
6765,Acolhidos
6766,Acolhidos
6767,Acolhidos
6768,Acolhidos
6769,Acolhidos
6770,Acolhidos
6771,Acolhidos
6772,Acolhidos
6773,Acolhidos
6774,Acolhidos
6775,Acolhidos
6776,Acolhidos
6777,Acolhidos
6778,Acolhidos
6779,Acolhidos
6780,Acolhidos
6781,Acolhidos
6782,Acolhidos
6783,Acolhidos
6784,Acolhidos
6785,Acolhidos
6786,Acolhidos
6787,Acolhidos
6788,Acolhidos
6789,Acolhidos
6790,Acolhidos
6791,Acolhidos
6792,Acolhidos
6793,Acolhidos
6794,Acolhidos
6795,Acolhidos
6796,Acolhidos
6797,Acolhidos
6798,Acolhidos
6799,Acolhidos
6800,Acolhidos
6801,Acolhidos
6802,Acolhidos
6803,Acolhidos
6804,Acolhidos
6805,Acolhidos
6806,Acolhidos
6807,Acolhidos
6808,Acolhidos
6809,Acolhidos
6810,Acolhidos
6811,Acolhidos
6812,Acolhidos
6813,Acolhidos
6814,Acolhidos
6815,Acolhidos
6816,Acolhidos
6817,Acolhidos
6818,Acolhidos
6819,Acolhidos
6820,Acolhidos
6821,Acolhidos
6822,Acolhidos
6823,Acolhidos
6824,Acolhidos
6825,Acolhidos
6826,Acolhidos
6827,Acolhidos
6828,Acolhidos
6829,Acolhidos
6830,Acolhidos
6831,Acolhidos
6832,Acolhidos
6833,Acolhidos
6834,Acolhidos
6835,Acolhidos
6836,Acolhidos
6837,Acolhidos
6838,Acolhidos
6839,Acolhidos
6840,Acolhidos
6841,Acolhidos
6842,Acolhidos
6843,Acolhidos
6844,Acolhidos
6845,Acolhidos
6846,Acolhidos
6847,Acolhidos
6848,Acolhidos
6849,Acolhidos
6850,Acolhidos
6851,Acolhidos
6852,Acolhidos
6853,Acolhidos
6854,Acolhidos
6855,Acolhidos
6856,Acolhidos
6857,Acolhidos
6858,Acolhidos
6859,Acolhidos
6860,Acolhidos
6861,Acolhidos
6862,Acolhidos
6863,Acolhidos
6864,Acolhidos
6865,Acolhidos
6866,Acolhidos
6867,Acolhidos
6868,Acolhidos
6869,Acolhidos
6870,Acolhidos
6871,Acolhidos
6872,Acolhidos
6873,Acolhidos
6874,Acolhidos
6875,Acolhidos
6876,Acolhidos
6877,Acolhidos
6878,Acolhidos
6879,Acolhidos
6880,Acolhidos
6881,Acolhidos
6882,Acolhidos
6883,Acolhidos
6884,Acolhidos
6885,Acolhidos
6886,Acolhidos
6887,Acolhidos
6888,Acolhidos
6889,Acolhidos
6890,Acolhidos
6891,Acolhidos
6892,Acolhidos
6893,Acolhidos
6894,Acolhidos
6895,Acolhidos
6896,Acolhidos
6897,Acolhidos
6898,Acolhidos
6899,Acolhidos
6900,Acolhidos
6901,Acolhidos
6902,Acolhidos
6903,Acolhidos
6904,Acolhidos
6905,Acolhidos
6906,Acolhidos
6907,Acolhidos
6908,Acolhidos
6909,Acolhidos
6910,Acolhidos
6911,Acolhidos
6912,Acolhidos
6913,Acolhidos
6914,Acolhidos
6915,Acolhidos
6916,Acolhidos
6917,Acolhidos
6918,Acolhidos
6919,Acolhidos
6920,Acolhidos
6921,Acolhidos
6922,Acolhidos
6923,Acolhidos
6924,Acolhidos
6925,Acolhidos
6926,Acolhidos
6927,Acolhidos
6928,Acolhidos
6929,Acolhidos
6930,Acolhidos
6931,Acolhidos
6932,Acolhidos
6933,Acolhidos
6934,Acolhidos
6935,Acolhidos
6936,Acolhidos
6937,Acolhidos
6938,Acolhidos
6939,Acolhidos
6940,Acolhidos
6941,Acolhidos
6942,Acolhidos
6943,Acolhidos
6944,Acolhidos
6945,Acolhidos
6946,Acolhidos
6947,Acolhidos
6948,Acolhidos
6949,Acolhidos
6950,Acolhidos
6951,Acolhidos
6952,Acolhidos
6953,Acolhidos
6954,Acolhidos
6955,Acolhidos
6956,Acolhidos
6957,Acolhidos
6958,Acolhidos
6959,Acolhidos
6960,Acolhidos
6961,Acolhidos
6962,Acolhidos
6963,Acolhidos
6964,Acolhidos
6965,Acolhidos
6966,Acolhidos
6967,Acolhidos
6968,Acolhidos
6969,Acolhidos
6970,Acolhidos
6971,Acolhidos
6972,Rua
6973,Rua
6974,Rua
6975,Rua
6976,Rua
6977,Rua
6978,Rua
6979,Rua
6980,Rua
6981,Rua
6982,Rua
6983,Rua
6984,Rua
6985,Rua
6986,Rua
6987,Rua
6988,Rua
6989,Rua
6990,Rua
6991,Rua
6992,Rua
6993,Rua
6994,Rua
6995,Rua
6996,Rua
6997,Rua
6998,Rua
6999,Rua
7000,Rua
7001,Rua
7002,Rua
7003,Rua
7004,Rua
7005,Rua
7006,Acolhidos
7007,Acolhidos
7008,Acolhidos
7009,Acolhidos
7010,Acolhidos
7011,Acolhidos
7012,Acolhidos
7013,Acolhidos
7014,Acolhidos
7015,Acolhidos
7016,Acolhidos
7017,Acolhidos
7018,Acolhidos
7019,Acolhidos
7020,Acolhidos
7021,Acolhidos
7022,Acolhidos
7023,Acolhidos
7024,Acolhidos
7025,Acolhidos
7026,Acolhidos
7027,Acolhidos
7028,Acolhidos
7029,Acolhidos
7030,Acolhidos
7031,Acolhidos
7032,Acolhidos
7033,Acolhidos
7034,Acolhidos
7035,Acolhidos
7036,Acolhidos
7037,Acolhidos
7038,Acolhidos
7039,Acolhidos
7040,Acolhidos
7041,Acolhidos
7042,Acolhidos
7043,Acolhidos
7044,Acolhidos
7045,Acolhidos
7046,Acolhidos
7047,Acolhidos
7048,Acolhidos
7049,Acolhidos
7050,Acolhidos
7051,Acolhidos
7052,Acolhidos
7053,Acolhidos
7054,Acolhidos
7055,Acolhidos
7056,Acolhidos
7057,Acolhidos
7058,Acolhidos
7059,Acolhidos
7060,Acolhidos
7061,Acolhidos
7062,Acolhidos
7063,Acolhidos
7064,Acolhidos
7065,Acolhidos
7066,Acolhidos
7067,Acolhidos
7068,Acolhidos
7069,Acolhidos
7070,Acolhidos
7071,Acolhidos
7072,Acolhidos
7073,Acolhidos
7074,Acolhidos
7075,Acolhidos
7076,Acolhidos
7077,Acolhidos
7078,Acolhidos
7079,Acolhidos
7080,Acolhidos
7081,Acolhidos
7082,Acolhidos
7083,Acolhidos
7084,Acolhidos
7085,Acolhidos
7086,Acolhidos
7087,Acolhidos
7088,Acolhidos
7089,Acolhidos
7090,Acolhidos
7091,Acolhidos
7092,Acolhidos
7093,Acolhidos
7094,Acolhidos
7095,Acolhidos
7096,Acolhidos
7097,Acolhidos
7098,Acolhidos
7099,Acolhidos
7100,Acolhidos
7101,Acolhidos
7102,Acolhidos
7103,Acolhidos
7104,Acolhidos
7105,Acolhidos
7106,Acolhidos
7107,Acolhidos
7108,Acolhidos
7109,Acolhidos
7110,Acolhidos
7111,Acolhidos
7112,Acolhidos
7113,Acolhidos
7114,Acolhidos
7115,Acolhidos
7116,Acolhidos
7117,Acolhidos
7118,Acolhidos
7119,Acolhidos
7120,Acolhidos
7121,Acolhidos
7122,Acolhidos
7123,Acolhidos
7124,Acolhidos
7125,Acolhidos
7126,Acolhidos
7127,Acolhidos
7128,Acolhidos
7129,Acolhidos
7130,Acolhidos
7131,Acolhidos
7132,Acolhidos
7133,Acolhidos
7134,Acolhidos
7135,Acolhidos
7136,Acolhidos
7137,Acolhidos
7138,Acolhidos
7139,Acolhidos
7140,Acolhidos
7141,Acolhidos
7142,Acolhidos
7143,Acolhidos
7144,Acolhidos
7145,Acolhidos
7146,Acolhidos
7147,Acolhidos
7148,Acolhidos
7149,Acolhidos
7150,Acolhidos
7151,Acolhidos
7152,Acolhidos
7153,Acolhidos
7154,Acolhidos
7155,Acolhidos
7156,Acolhidos
7157,Acolhidos
7158,Acolhidos
7159,Acolhidos
7160,Acolhidos
7161,Acolhidos
7162,Acolhidos
7163,Acolhidos
7164,Acolhidos
7165,Acolhidos
7166,Acolhidos
7167,Acolhidos
7168,Acolhidos
7169,Acolhidos
7170,Acolhidos
7171,Acolhidos
7172,Acolhidos
7173,Acolhidos
7174,Acolhidos
7175,Acolhidos
7176,Acolhidos
7177,Acolhidos
7178,Acolhidos
7179,Acolhidos
7180,Acolhidos
7181,Acolhidos
7182,Acolhidos
7183,Acolhidos
7184,Acolhidos
7185,Acolhidos
7186,Acolhidos
7187,Acolhidos
7188,Acolhidos
7189,Acolhidos
7190,Acolhidos
7191,Acolhidos
7192,Acolhidos
7193,Acolhidos
7194,Acolhidos
7195,Acolhidos
7196,Acolhidos
7197,Acolhidos
7198,Acolhidos
7199,Acolhidos
7200,Acolhidos
7201,Acolhidos
7202,Acolhidos
7203,Acolhidos
7204,Acolhidos
7205,Acolhidos
7206,Acolhidos
7207,Acolhidos
7208,Acolhidos
7209,Acolhidos
7210,Acolhidos
7211,Acolhidos
7212,Acolhidos
7213,Acolhidos
7214,Acolhidos
7215,Acolhidos
7216,Acolhidos
7217,Acolhidos
7218,Acolhidos
7219,Acolhidos
7220,Acolhidos
7221,Acolhidos
7222,Acolhidos
7223,Acolhidos
7224,Acolhidos
7225,Acolhidos
7226,Acolhidos
7227,Acolhidos
7228,Acolhidos
7229,Acolhidos
7230,Acolhidos
7231,Acolhidos
7232,Acolhidos
7233,Acolhidos
7234,Acolhidos
7235,Acolhidos
7236,Acolhidos
7237,Acolhidos
7238,Acolhidos
7239,Acolhidos
7240,Acolhidos
7241,Acolhidos
7242,Acolhidos
7243,Acolhidos
7244,Acolhidos
7245,Acolhidos
7246,Acolhidos
7247,Acolhidos
7248,Acolhidos
7249,Acolhidos
7250,Acolhidos
7251,Acolhidos
7252,Acolhidos
7253,Acolhidos
7254,Acolhidos
7255,Acolhidos
7256,Acolhidos
7257,Acolhidos
7258,Acolhidos
7259,Acolhidos
7260,Acolhidos
7261,Acolhidos
7262,Acolhidos
7263,Acolhidos
7264,Acolhidos
7265,Acolhidos
7266,Acolhidos
7267,Acolhidos
7268,Acolhidos
7269,Acolhidos
7270,Acolhidos
7271,Acolhidos
